symbol,index_name,valid_from,valid_to,isin,sector,exchange,delisted
360ONE,nifty500,2014-01-01,,INE000000021,,NSE,False
3MINDIA,nifty500,2014-01-01,,INE000000051,,NSE,False
AADHARHFC,nifty500,2024-09-30,,INE000000111,,NSE,False
AARTIDRUGS,nifty500,2020-09-25,2024-03-28,INE000000191,,NSE,True
AARTIIND,nifty500,2014-01-01,2019-03-29,INE000000201,,NSE,True
AARTIIND,nifty500,2019-12-27,2022-05-04,INE000000201,,NSE,True
AARTIIND,nifty500,2023-03-31,,INE000000201,,NSE,False
AAVAS,nifty500,2019-03-29,,INE000000261,,NSE,False
ABAN,nifty500,2014-01-01,2018-09-28,INE000000271,,NSE,True
ABB,nifty500,2020-06-26,,INE000000291,,NSE,False
ABBOTINDIA,nifty500,2019-09-27,,INE000000301,,NSE,False
ABCAPITAL,nifty500,2018-04-02,,INE000000311,,NSE,False
ABDL,nifty500,2026-03-30,,INE000000331,,NSE,False
ABFRL,nifty500,2014-01-01,,INE000000341,,NSE,False
ABIRLANUVO,nifty500,2014-01-01,2017-05-26,,,NSE,True
ABLBL,nifty500,2025-09-30,,INE000000381,,NSE,False
ABREL,nifty500,2014-01-01,,INE000000411,,NSE,False
ABSLAMC,nifty500,2022-03-31,2023-03-31,INE000000431,,NSE,True
ABSLAMC,nifty500,2024-09-30,,INE000000431,,NSE,False
ACC,nifty500,2014-01-01,,INE000000501,,NSE,False
ACE,nifty500,2024-03-28,,INE000000561,,NSE,False
ACI,nifty500,2023-03-31,2025-03-28,INE000000601,,NSE,True
ACMESOLAR,nifty500,2025-03-28,,INE000000631,,NSE,False
ACUTAAS,nifty500,2026-03-30,,INE000000661,,NSE,False
ADANIENSOL,nifty500,2014-01-01,,INE000000671,,NSE,False
ADANIENT,nifty500,2014-01-01,2018-04-02,INE000000681,,NSE,True
ADANIENT,nifty500,2020-09-25,,INE000000681,,NSE,False
ADANIGREEN,nifty500,2018-12-28,,INE000000691,,NSE,False
ADANIPORTS,nifty500,2014-01-01,,INE000000701,,NSE,False
ADANIPOWER,nifty500,2014-01-01,2014-09-19,INE000000711,,NSE,True
ADANIPOWER,nifty500,2023-03-31,,INE000000711,,NSE,False
ADLABS,nifty500,2015-09-28,2015-09-30,,,NSE,False
ADVANTA,nifty500,2014-01-01,2016-04-29,,,NSE,True
ADVENZYMES,nifty500,2017-01-23,2022-09-30,INE000000841,,NSE,True
AEGISLOG,nifty500,2014-01-01,,INE000000861,,NSE,False
AEGISVOPAK,nifty500,2025-09-30,,INE000000871,,NSE,False
AETHER,nifty500,2022-09-30,2024-09-30,INE000000961,,NSE,True
AFCONS,nifty500,2025-03-28,,INE000000971,,NSE,False
AFFLE,nifty500,2019-12-26,,INE000000981,,NSE,False
AGARWALEYE,nifty500,2025-09-30,2026-03-30,INE000001031,,NSE,True
AHLUCONT,nifty500,2014-01-01,2018-04-02,INE000001181,,NSE,True
AIAENG,nifty500,2014-01-01,,INE000001201,,NSE,False
AIIL,nifty500,2025-03-28,,INE000001211,,NSE,False
AJANTPHARM,nifty500,2014-09-19,,INE000001271,,NSE,False
AKUMS,nifty500,2024-10-16,2026-03-30,INE000001401,,NSE,True
AKZOINDIA,nifty500,2014-01-01,2021-09-30,,,NSE,True
AKZOINDIA,nifty500,2025-09-30,2026-03-31,,,NSE,False
ALBK,nifty500,2014-01-01,2019-12-27,,,NSE,True
ALEMBICLTD,nifty500,2020-09-25,2022-03-31,INE000001441,,NSE,True
ALIVUS,nifty500,2025-03-28,2025-09-30,INE000001481,,NSE,True
ALKEM,nifty500,2014-01-01,,INE000001501,,NSE,False
ALKYLAMINE,nifty500,2020-06-26,2026-03-30,INE000001511,,NSE,True
ALLCARGO,nifty500,2014-01-01,2020-11-02,INE000001521,,NSE,True
ALLCARGO,nifty500,2022-03-31,2022-12-30,INE000001521,,NSE,True
ALLCARGO,nifty500,2023-09-29,2024-09-30,INE000001521,,NSE,True
ALOKINDS,nifty500,2020-09-25,2023-03-31,INE000001571,,NSE,True
ALOKINDS,nifty500,2023-09-29,2026-03-30,INE000001571,,NSE,True
ALOKTEXT,nifty500,2014-01-01,2017-03-31,,,NSE,True
AMBER,nifty500,2019-09-27,,INE000001751,,NSE,False
AMBUJACEM,nifty500,2014-01-01,,INE000001781,,NSE,False
AMTEKAUTO,nifty500,2014-01-01,2017-09-29,,,NSE,True
ANANDRATHI,nifty500,2024-03-28,,INE000001861,,NSE,False
ANANTRAJ,nifty500,2014-01-01,2017-09-29,INE000001871,,NSE,True
ANANTRAJ,nifty500,2024-09-30,,INE000001871,,NSE,False
ANDHRABANK,nifty500,2014-01-01,2019-12-27,,,NSE,True
ANGELBRKG,nifty500,2021-03-31,2021-09-30,,,NSE,False
ANGELONE,nifty500,2014-01-01,,INE000001921,,NSE,False
ANSALAPI,nifty500,2014-01-01,2015-09-28,INE000001991,,NSE,True
ANTHEM,nifty500,2026-03-30,,INE000002031,,NSE,False
ANURAS,nifty500,2021-09-30,2024-09-30,INE000002061,,NSE,True
ANURAS,nifty500,2026-03-30,,INE000002061,,NSE,False
APARINDS,nifty500,2014-09-19,2018-04-02,INE000002141,,NSE,True
APARINDS,nifty500,2023-03-31,,INE000002141,,NSE,False
APLAPOLLO,nifty500,2014-01-01,,INE000002191,,NSE,False
APLLTD,nifty500,2014-09-19,2026-03-30,INE000002201,,NSE,True
APOLLOHOSP,nifty500,2014-01-01,,INE000002221,,NSE,False
APOLLOTYRE,nifty500,2014-01-01,,INE000002241,,NSE,False
APTECHT,nifty500,2014-01-01,2014-09-19,INE000002301,,NSE,True
APTUS,nifty500,2022-03-31,,INE000002311,,NSE,False
ARE&M,nifty500,2014-01-01,,INE000002391,,NSE,False
ARVIND,nifty500,2015-12-14,2018-06-29,INE000002621,,NSE,True
ARVINDFASN,nifty500,2019-09-27,2020-09-14,INE000002631,,NSE,True
ASAHIINDIA,nifty500,2017-01-23,2017-09-29,INE000002671,,NSE,True
ASAHIINDIA,nifty500,2018-04-02,2018-09-28,INE000002671,,NSE,True
ASAHIINDIA,nifty500,2019-12-27,2020-09-14,INE000002671,,NSE,True
ASAHIINDIA,nifty500,2021-03-31,,INE000002671,,NSE,False
ASHOKA,nifty500,2014-09-19,2022-03-31,INE000002771,,NSE,True
ASHOKLEY,nifty500,2014-01-01,,INE000002791,,NSE,False
ASIANPAINT,nifty500,2014-01-01,,INE000002831,,NSE,False
ASTERDM,nifty500,2018-06-29,,INE000002931,,NSE,False
ASTRAL,nifty500,2014-09-19,,INE000002941,,NSE,False
ASTRAZEN,nifty500,2014-01-01,2018-04-02,INE000002961,,NSE,True
ASTRAZEN,nifty500,2019-03-29,2023-03-31,INE000002961,,NSE,True
ASTRAZEN,nifty500,2024-03-28,2026-03-30,INE000002961,,NSE,True
ATGL,nifty500,2019-09-27,,INE000003011,,NSE,False
ATHERENERG,nifty500,2025-09-30,,INE000003021,,NSE,False
ATUL,nifty500,2014-01-01,,INE000003081,,NSE,False
AUBANK,nifty500,2017-11-13,,INE000003101,,NSE,False
AUROPHARMA,nifty500,2014-01-01,,INE000003141,,NSE,False
AVANTIFEED,nifty500,2014-01-01,2025-03-28,INE000003301,,NSE,True
AWL,nifty500,2022-09-30,,INE000003431,,NSE,False
AXISBANK,nifty500,2014-01-01,,INE000003441,,NSE,False
BAJAJ-AUTO,nifty500,2014-01-01,,INE000003591,,NSE,False
BAJAJCON,nifty500,2014-03-28,2022-03-31,INE000003601,,NSE,True
BAJAJELEC,nifty500,2014-01-01,2023-04-28,INE000003611,,NSE,True
BAJAJFINSV,nifty500,2014-01-01,,INE000003621,,NSE,False
BAJAJHFL,nifty500,2025-03-28,,INE000003641,,NSE,False
BAJAJHIND,nifty500,2014-01-01,2018-09-28,INE000003651,,NSE,True
BAJAJHLDNG,nifty500,2014-01-01,,INE000003661,,NSE,False
BAJFINANCE,nifty500,2014-01-01,,INE000003701,,NSE,False
BALAMINES,nifty500,2021-03-31,2025-03-28,INE000003741,,NSE,True
BALKRISIND,nifty500,2015-09-28,,INE000003781,,NSE,False
BALLARPUR,nifty500,2014-01-01,2018-09-28,,,NSE,True
BALMLAWRIE,nifty500,2014-01-01,2021-09-30,INE000003791,,NSE,True
BALRAMCHIN,nifty500,2014-01-01,,INE000003811,,NSE,False
BANDHANBNK,nifty500,2018-09-28,,INE000003861,,NSE,False
BANKBARODA,nifty500,2014-01-01,,INE000003921,,NSE,False
BANKINDIA,nifty500,2014-01-01,,INE000003981,,NSE,False
BASF,nifty500,2014-01-01,2023-09-29,INE000004041,,NSE,True
BASF,nifty500,2024-09-30,2026-03-30,INE000004041,,NSE,True
BATAINDIA,nifty500,2014-01-01,,INE000004071,,NSE,False
BAYERCROP,nifty500,2019-09-27,,INE000004101,,NSE,False
BBTC,nifty500,2014-01-01,,INE000004161,,NSE,False
BCG,nifty500,2022-03-31,2024-03-28,INE000004181,,NSE,True
BDL,nifty500,2018-08-08,,INE000004221,,NSE,False
BEL,nifty500,2014-01-01,,INE000004281,,NSE,False
BELRISE,nifty500,2026-03-30,,INE000004301,,NSE,False
BEML,nifty500,2014-01-01,2022-04-12,INE000004311,,NSE,True
BEML,nifty500,2022-12-30,,INE000004311,,NSE,False
BERGEPAINT,nifty500,2014-01-01,,INE000004351,,NSE,False
BFUTILITIE,nifty500,2014-01-01,2018-09-28,INE000004411,,NSE,True
BGRENERGY,nifty500,2014-01-01,2018-09-28,INE000004431,,NSE,True
BHARATFIN,nifty500,2014-01-01,2018-12-28,,,NSE,True
BHARATFORG,nifty500,2014-01-01,,INE000004501,,NSE,False
BHARATRAS,nifty500,2020-06-26,2022-03-31,INE000004521,,NSE,True
BHARATRAS,nifty500,2022-09-30,2023-03-31,INE000004521,,NSE,True
BHARTIARTL,nifty500,2014-01-01,,INE000004551,,NSE,False
BHARTIHEXA,nifty500,2024-09-30,,INE000004561,,NSE,False
BHEL,nifty500,2014-01-01,,INE000004571,,NSE,False
BHUSANSTL,nifty500,2014-01-01,2018-09-28,,,NSE,True
BIKAJI,nifty500,2023-03-31,,INE000004601,,NSE,False
BIOCON,nifty500,2014-01-01,,INE000004651,,NSE,False
BIRLACORPN,nifty500,2014-01-01,2025-03-28,INE000004701,,NSE,True
BLISSGVS,nifty500,2014-01-01,2021-09-30,INE000004801,,NSE,True
BLS,nifty500,2023-03-31,,INE000004821,,NSE,False
BLUEDART,nifty500,2014-01-01,,INE000004871,,NSE,False
BLUEJET,nifty500,2025-09-30,,INE000004881,,NSE,False
BLUESTARCO,nifty500,2014-01-01,,INE000004901,,NSE,False
BOMDYEING,nifty500,2014-01-01,2021-03-31,INE000005021,,NSE,True
BORORENEW,nifty500,2022-03-31,2024-09-30,INE000005061,,NSE,True
BOSCHLTD,nifty500,2014-01-01,,INE000005091,,NSE,False
BPCL,nifty500,2014-01-01,,INE000005111,,NSE,False
BRFL,nifty500,2014-01-01,2017-03-31,,,NSE,True
BRFL,nifty500,2017-09-29,2018-09-28,,,NSE,True
BRIGADE,nifty500,2014-01-01,2017-03-31,INE000005171,,NSE,True
BRIGADE,nifty500,2017-09-29,,INE000005171,,NSE,False
BRITANNIA,nifty500,2014-01-01,,INE000005201,,NSE,False
BSE,nifty500,2017-09-29,,INE000005231,,NSE,False
BSOFT,nifty500,2019-09-27,,INE000005301,,NSE,False
CAMLINFINE,nifty500,2015-09-28,2015-09-30,INE000005421,,NSE,False
CAMPUS,nifty500,2022-08-08,2026-03-30,INE000005431,,NSE,True
CAMS,nifty500,2021-03-31,,INE000005441,,NSE,False
CANBK,nifty500,2014-01-01,,INE000005461,,NSE,False
CANFINHOME,nifty500,2014-01-01,,INE000005471,,NSE,False
CANHLIFE,nifty500,2026-03-30,,INE000005481,,NSE,False
CAPF,nifty500,2014-01-01,2018-12-28,,,NSE,True
CAPLIPOINT,nifty500,2014-01-01,2023-03-31,INE000005531,,NSE,True
CAPLIPOINT,nifty500,2024-03-28,,INE000005531,,NSE,False
CARBORUNIV,nifty500,2014-01-01,,INE000005551,,NSE,False
CARERATING,nifty500,2014-03-28,2021-03-31,INE000005561,,NSE,True
CARTRADE,nifty500,2026-03-30,,INE000005581,,NSE,False
CASTROL,nifty500,2014-01-01,2014-02-28,,,NSE,True
CASTROLIND,nifty500,2014-01-01,,INE000005611,,NSE,False
CCL,nifty500,2014-01-01,,INE000005661,,NSE,False
CDSL,nifty500,2018-04-02,,INE000005671,,NSE,False
CEATLTD,nifty500,2014-01-01,,INE000005681,,NSE,False
CELLO,nifty500,2024-03-28,2025-03-28,INE000005741,,NSE,True
CEMPRO,nifty500,2026-03-30,,INE000005771,,NSE,False
CENTRALBK,nifty500,2014-01-01,,INE000005801,,NSE,False
CENTURYPLY,nifty500,2014-09-19,2026-03-30,INE000005831,,NSE,True
CENTURYTEX,nifty500,2014-01-01,2018-12-28,,,NSE,True
CENTURYTEX,nifty500,2020-06-26,2020-09-30,,,NSE,False
CERA,nifty500,2014-01-01,2026-03-30,INE000005841,,NSE,True
CESC,nifty500,2014-01-01,2018-02-05,INE000005861,,NSE,True
CESC,nifty500,2019-03-29,,INE000005861,,NSE,False
CGCL,nifty500,2019-09-27,2022-03-31,INE000005891,,NSE,True
CGCL,nifty500,2022-04-12,,INE000005891,,NSE,False
CGPOWER,nifty500,2014-01-01,2019-12-26,INE000005901,,NSE,True
CGPOWER,nifty500,2021-09-30,,INE000005901,,NSE,False
CHALET,nifty500,2019-06-28,2020-06-26,INE000005931,,NSE,True
CHALET,nifty500,2020-09-25,,INE000005931,,NSE,False
CHAMBLFERT,nifty500,2014-01-01,,INE000005941,,NSE,False
CHEMPLASTS,nifty500,2022-03-31,2025-03-28,INE000006041,,NSE,True
CHENNPETRO,nifty500,2014-01-01,2021-03-31,INE000006051,,NSE,True
CHENNPETRO,nifty500,2024-03-28,,INE000006051,,NSE,False
CHOICEIN,nifty500,2025-09-30,,INE000006091,,NSE,False
CHOLAFIN,nifty500,2014-01-01,,INE000006101,,NSE,False
CHOLAHLDNG,nifty500,2014-01-01,,INE000006111,,NSE,False
CIEINDIA,nifty500,2014-01-01,2025-03-28,INE000006121,,NSE,True
CIPLA,nifty500,2014-01-01,,INE000006171,,NSE,False
CLEAN,nifty500,2022-03-31,,INE000006221,,NSE,False
CMC,nifty500,2014-01-01,2015-03-24,,,NSE,True
COALINDIA,nifty500,2014-01-01,,INE000006351,,NSE,False
COCHINSHIP,nifty500,2018-02-05,,INE000006371,,NSE,False
COFFEEDAY,nifty500,2014-01-01,2019-12-26,INE000006391,,NSE,True
COFORGE,nifty500,2014-01-01,,INE000006401,,NSE,False
COHANCE,nifty500,2014-01-01,,INE000006411,,NSE,False
COLPAL,nifty500,2014-01-01,,INE000006421,,NSE,False
CONCOR,nifty500,2014-01-01,,INE000006501,,NSE,False
CONCORDBIO,nifty500,2023-10-26,,INE000006511,,NSE,False
COREEDUTEC,nifty500,2014-01-01,2014-09-19,,,NSE,True
COROMANDEL,nifty500,2014-01-01,,INE000006661,,NSE,False
CORPBANK,nifty500,2014-01-01,2018-04-02,,,NSE,True
CORPBANK,nifty500,2019-01-28,2019-12-27,,,NSE,True
COX&KINGS,nifty500,2014-01-01,2018-06-29,,,NSE,True
COX&KINGS,nifty500,2019-03-29,2019-12-26,,,NSE,True
CPPLUS,nifty500,2026-03-30,,INE000006731,,NSE,False
CRAFTSMAN,nifty500,2023-03-31,,INE000006761,,NSE,False
CREDITACC,nifty500,2019-01-28,,INE000006821,,NSE,False
CRISIL,nifty500,2014-01-01,,INE000006841,,NSE,False
CROMPGREAV,nifty500,2014-01-01,2015-09-28,,,NSE,True
CROMPTON,nifty500,2014-01-01,,INE000006861,,NSE,False
CSBBANK,nifty500,2020-06-26,2024-09-30,INE000006891,,NSE,True
CUB,nifty500,2014-01-01,,INE000006941,,NSE,False
CUMMINSIND,nifty500,2014-01-01,,INE000006971,,NSE,False
CYIENT,nifty500,2014-01-01,,INE000007041,,NSE,False
DABUR,nifty500,2014-01-01,,INE000007061,,NSE,False
DALBHARAT,nifty500,2014-01-01,2018-04-02,INE000007081,,NSE,True
DALBHARAT,nifty500,2019-06-28,,INE000007081,,NSE,False
DATAPATTNS,nifty500,2023-03-31,,INE000007151,,NSE,False
DBCORP,nifty500,2014-01-01,2021-03-31,INE000007171,,NSE,True
DBL,nifty500,2017-03-31,2023-03-31,INE000007191,,NSE,True
DBREALTY,nifty500,2014-01-01,2018-09-28,INE000007211,,NSE,True
DBREALTY,nifty500,2024-09-30,2026-03-30,INE000007211,,NSE,True
DCAL,nifty500,2018-04-02,2021-09-30,INE000007231,,NSE,True
DCBBANK,nifty500,2014-01-01,2022-03-31,INE000007241,,NSE,True
DCMSHRIRAM,nifty500,2014-01-01,2024-09-30,INE000007311,,NSE,True
DCMSHRIRAM,nifty500,2025-03-28,,INE000007311,,NSE,False
DCW,nifty500,2014-01-01,2015-03-27,INE000007341,,NSE,True
DEEPAKFERT,nifty500,2014-01-01,2019-09-27,INE000007431,,NSE,True
DEEPAKFERT,nifty500,2022-09-30,,INE000007431,,NSE,False
DEEPAKNTR,nifty500,2019-03-29,,INE000007441,,NSE,False
DELHIVERY,nifty500,2022-08-08,,INE000007481,,NSE,False
DELTACORP,nifty500,2014-01-01,2024-03-28,INE000007501,,NSE,True
DEN,nifty500,2014-01-01,2019-03-29,INE000007531,,NSE,True
DEN,nifty500,2019-09-27,2019-12-27,INE000007531,,NSE,True
DENABANK,nifty500,2014-01-01,2019-01-28,,,NSE,True
DEVYANI,nifty500,2022-03-31,,INE000007611,,NSE,False
DHANI,nifty500,2017-09-29,2023-03-31,INE000007661,,NSE,True
DHANUKA,nifty500,2014-01-01,2018-04-02,INE000007691,,NSE,True
DHANUKA,nifty500,2020-06-26,2022-03-31,INE000007691,,NSE,True
DHFL,nifty500,2014-01-01,2020-06-26,,,NSE,True
DISHMAN,nifty500,2014-01-01,2017-01-23,,,NSE,True
DISHTV,nifty500,2014-01-01,2021-09-30,INE000007921,,NSE,True
DIVISLAB,nifty500,2014-01-01,,INE000007961,,NSE,False
DIXON,nifty500,2018-04-02,,INE000007991,,NSE,False
DLF,nifty500,2014-01-01,,INE000008021,,NSE,False
DMART,nifty500,2017-09-29,,INE000008041,,NSE,False
DOMS,nifty500,2024-03-28,,INE000008121,,NSE,False
DRDATSONS,nifty500,2014-01-01,2014-03-28,,,NSE,True
DREDGECORP,nifty500,2014-01-01,2019-03-29,INE000008211,,NSE,True
DRREDDY,nifty500,2014-01-01,,INE000008231,,NSE,False
DYNAMATECH,nifty500,2014-01-01,2017-03-31,INE000008381,,NSE,True
EASEMYTRIP,nifty500,2022-03-31,2025-03-28,INE000008431,,NSE,True
ECLERX,nifty500,2014-01-01,,INE000008551,,NSE,False
EDELWEISS,nifty500,2014-01-01,2023-04-28,INE000008591,,NSE,True
EDUCOMP,nifty500,2014-01-01,2015-03-27,INE000008601,,NSE,True
EICHERMOT,nifty500,2014-01-01,,INE000008671,,NSE,False
EIDPARRY,nifty500,2014-01-01,,INE000008681,,NSE,False
EIHOTEL,nifty500,2014-01-01,,INE000008721,,NSE,False
ELDERPHARM,nifty500,2014-01-01,2015-03-27,,,NSE,True
ELECON,nifty500,2024-03-28,,INE000008791,,NSE,False
ELGIEQUIP,nifty500,2018-09-28,,INE000008821,,NSE,False
EMAMILTD,nifty500,2014-01-01,,INE000008921,,NSE,False
EMCURE,nifty500,2024-10-10,,INE000008971,,NSE,False
EMMVEE,nifty500,2026-03-30,,INE000009041,,NSE,False
ENDURANCE,nifty500,2017-03-31,,INE000009111,,NSE,False
ENGINERSIN,nifty500,2014-01-01,,INE000009161,,NSE,False
ENRIN,nifty500,2025-09-30,,INE000009201,,NSE,False
EPIGRAL,nifty500,2014-01-01,2024-03-28,INE000009261,,NSE,True
EPL,nifty500,2014-01-01,2018-04-02,INE000009271,,NSE,True
EPL,nifty500,2019-03-29,2024-09-30,INE000009271,,NSE,True
EQUITAS,nifty500,2014-01-01,2022-09-30,,,NSE,True
EQUITASBNK,nifty500,2021-09-30,2025-03-28,INE000009331,,NSE,True
ERAINFRA,nifty500,2014-01-01,2014-09-19,,,NSE,True
ERIS,nifty500,2018-04-02,2022-09-30,INE000009341,,NSE,True
ERIS,nifty500,2023-04-28,,INE000009341,,NSE,False
EROSMEDIA,nifty500,2014-01-01,2019-03-29,INE000009351,,NSE,True
ESABINDIA,nifty500,2020-06-26,2021-03-31,INE000009361,,NSE,True
ESCORTS,nifty500,2014-01-01,,INE000009391,,NSE,False
ESSAROIL,nifty500,2014-01-01,2014-03-28,,,NSE,True
ETERNAL,nifty500,2022-03-31,,INE000009481,,NSE,False
EVEREADY,nifty500,2015-09-28,2019-03-29,INE000009561,,NSE,True
EXCELCROP,nifty500,2018-09-28,2019-04-15,,,NSE,True
EXIDEIND,nifty500,2014-01-01,,INE000009641,,NSE,False
FACT,nifty500,2021-09-30,,INE000009691,,NSE,False
FCEL,nifty500,2015-03-27,2015-03-31,,,NSE,False
FDC,nifty500,2014-01-01,2017-09-29,INE000009761,,NSE,True
FDC,nifty500,2018-09-28,2024-09-30,INE000009761,,NSE,True
FEDERALBNK,nifty500,2014-01-01,,INE000009781,,NSE,False
FINCABLES,nifty500,2014-01-01,,INE000009901,,NSE,False
FINEORG,nifty500,2019-03-29,2025-03-28,INE000009911,,NSE,True
FINPIPE,nifty500,2014-01-01,2026-03-30,INE000009951,,NSE,True
FIRSTCRY,nifty500,2025-03-28,,INE000009961,,NSE,False
FIVESTAR,nifty500,2023-03-31,,INE000009981,,NSE,False
FLFL,nifty500,2015-09-28,2017-03-31,INE000010021,,NSE,True
FLFL,nifty500,2017-09-29,2020-06-26,INE000010021,,NSE,True
FLUOROCHEM,nifty500,2020-06-26,,INE000010031,,NSE,False
FMGOETZE,nifty500,2017-03-31,2017-09-29,INE000010071,,NSE,True
FMGOETZE,nifty500,2019-09-27,2020-06-26,INE000010071,,NSE,True
FORCEMOT,nifty500,2025-09-30,,INE000010141,,NSE,False
FORTIS,nifty500,2014-01-01,2018-02-05,INE000010161,,NSE,True
FORTIS,nifty500,2018-12-28,,INE000010161,,NSE,False
FRETAIL,nifty500,2017-03-31,2017-10-30,,,NSE,True
FRETAIL,nifty500,2018-06-29,2022-03-31,,,NSE,True
FRL,nifty500,2014-01-01,2015-12-14,,,NSE,True
FSC,nifty500,2020-03-27,2020-03-31,INE000010231,,NSE,False
FSL,nifty500,2014-01-01,,INE000010241,,NSE,False
GABRIEL,nifty500,2026-03-30,,INE000010271,,NSE,False
GAEL,nifty500,2020-09-25,2025-03-28,INE000010281,,NSE,True
GAIL,nifty500,2014-01-01,,INE000010291,,NSE,False
GALAXYSURF,nifty500,2018-09-28,2024-03-28,INE000010321,,NSE,True
GALLANTT,nifty500,2026-03-30,,INE000010331,,NSE,False
GAMMONIND,nifty500,2014-01-01,2015-09-28,,,NSE,True
GARFIBRES,nifty500,2019-09-27,2023-09-29,INE000010451,,NSE,True
GATI,nifty500,2014-01-01,2018-09-28,,,NSE,True
GAYAPROJ,nifty500,2015-12-14,2017-11-20,INE000010521,,NSE,True
GAYAPROJ,nifty500,2018-09-28,2020-06-26,INE000010521,,NSE,True
GDL,nifty500,2014-01-01,2019-09-27,,,NSE,True
GEPIL,nifty500,2014-01-01,2021-09-30,,,NSE,True
GESHIP,nifty500,2014-01-01,,INE000010651,,NSE,False
GET&D,nifty500,2014-01-01,2020-09-25,,,NSE,True
GET&D,nifty500,2024-09-30,2025-03-31,,,NSE,False
GHCL,nifty500,2017-03-31,2021-04-29,INE000010691,,NSE,True
GICRE,nifty500,2018-04-02,,INE000010731,,NSE,False
GILLETTE,nifty500,2014-01-01,2022-03-31,INE000010751,,NSE,True
GILLETTE,nifty500,2023-09-29,,INE000010751,,NSE,False
GLAND,nifty500,2021-06-30,,INE000010871,,NSE,False
GLAXO,nifty500,2014-01-01,,INE000010881,,NSE,False
GLENMARK,nifty500,2014-01-01,,INE000010891,,NSE,False
GLS,nifty500,2022-03-31,2022-09-30,,,NSE,True
GLS,nifty500,2023-09-29,2024-09-30,,,NSE,True
GMDCLTD,nifty500,2014-01-01,2021-03-31,INE000011011,,NSE,True
GMDCLTD,nifty500,2024-03-28,,INE000011011,,NSE,False
GMMPFAUDLR,nifty500,2020-06-26,2024-09-30,INE000011031,,NSE,True
GMRAIRPORT,nifty500,2014-01-01,2021-10-29,INE000011041,,NSE,True
GMRAIRPORT,nifty500,2022-05-04,,INE000011041,,NSE,False
GNFC,nifty500,2017-03-31,2025-09-30,INE000011071,,NSE,True
GOCOLORS,nifty500,2022-03-31,2024-03-28,INE000011111,,NSE,True
GODFRYPHLP,nifty500,2014-01-01,,INE000011131,,NSE,False
GODIGIT,nifty500,2024-09-30,,INE000011141,,NSE,False
GODREJAGRO,nifty500,2018-04-02,2023-09-29,INE000011151,,NSE,True
GODREJAGRO,nifty500,2024-09-30,2026-03-30,INE000011151,,NSE,True
GODREJCP,nifty500,2014-01-01,,INE000011161,,NSE,False
GODREJIND,nifty500,2014-01-01,,INE000011171,,NSE,False
GODREJPROP,nifty500,2014-01-01,,INE000011181,,NSE,False
GPIL,nifty500,2023-09-29,,INE000011441,,NSE,False
GPPL,nifty500,2014-01-01,2025-09-30,INE000011451,,NSE,True
GRANULES,nifty500,2014-01-01,,INE000011501,,NSE,False
GRAPHITE,nifty500,2018-04-02,,INE000011521,,NSE,False
GRASIM,nifty500,2014-01-01,2017-05-26,INE000011531,,NSE,True
GRASIM,nifty500,2018-04-02,,INE000011531,,NSE,False
GRAVITA,nifty500,2025-03-28,,INE000011561,,NSE,False
GREAVESCOT,nifty500,2014-01-01,2022-03-31,INE000011581,,NSE,True
GREENPANEL,nifty500,2022-09-30,2023-09-29,INE000011621,,NSE,True
GREENPLY,nifty500,2014-01-01,2019-03-29,INE000011631,,NSE,True
GRINDWELL,nifty500,2014-01-01,2017-09-29,INE000011661,,NSE,True
GRINDWELL,nifty500,2018-09-28,2025-03-28,INE000011661,,NSE,True
GRINFRA,nifty500,2022-03-31,2024-03-28,INE000011671,,NSE,True
GRINFRA,nifty500,2024-09-30,2025-03-28,INE000011671,,NSE,True
GROWW,nifty500,2026-03-30,,INE000011701,,NSE,False
GRSE,nifty500,2020-06-26,2021-09-30,INE000011941,,NSE,True
GRSE,nifty500,2024-03-28,,INE000011941,,NSE,False
GSFC,nifty500,2014-01-01,2025-03-28,INE000012011,,NSE,True
GSPL,nifty500,2014-01-01,2026-05-12,INE000012051,,NSE,True
GSPL,nifty500,2026-03-31,,INE000012051,,NSE,False
GTOFFSHORE,nifty500,2014-01-01,2014-09-19,,,NSE,True
GUJALKALI,nifty500,2017-03-31,2024-03-28,INE000012131,,NSE,True
GUJFLUORO,nifty500,2014-01-01,2019-06-28,,,NSE,True
GUJGASLTD,nifty500,2014-01-01,2026-03-30,,,NSE,True
GUJNRECOKE,nifty500,2014-01-01,2015-09-28,,,NSE,True
GULFOILLUB,nifty500,2016-04-29,2021-09-30,INE000012181,,NSE,True
GVKPIL,nifty500,2014-01-01,2019-03-29,INE000012221,,NSE,True
GVT&D,nifty500,2014-01-01,,INE000012251,,NSE,False
HAL,nifty500,2018-09-28,,INE000012271,,NSE,False
HAPPSTMNDS,nifty500,2021-03-31,2026-03-30,INE000012321,,NSE,True
HAPPYFORGE,nifty500,2024-03-28,2024-09-30,INE000012331,,NSE,True
HATHWAY,nifty500,2014-01-01,2019-12-27,INE000012391,,NSE,True
HATHWAY,nifty500,2020-06-26,2021-03-31,INE000012391,,NSE,True
HATHWAY,nifty500,2021-09-30,2022-09-30,INE000012391,,NSE,True
HATSUN,nifty500,2018-02-05,2023-03-31,INE000012401,,NSE,True
HAVELLS,nifty500,2014-01-01,,INE000012411,,NSE,False
HBLENGINE,nifty500,2014-01-01,,INE000012461,,NSE,False
HBLPOWER,nifty500,2024-03-28,2024-03-31,,,NSE,False
HCC,nifty500,2014-01-01,2019-03-29,INE000012491,,NSE,True
HCL-INSYS,nifty500,2014-01-01,2019-03-29,INE000012511,,NSE,True
HCLTECH,nifty500,2014-01-01,,INE000012521,,NSE,False
HDBFS,nifty500,2026-03-30,,INE000012531,,NSE,False
HDFC,nifty500,2014-01-01,2023-07-13,,,NSE,True
HDFCAMC,nifty500,2019-03-29,,INE000012541,,NSE,False
HDFCBANK,nifty500,2014-01-01,,INE000012551,,NSE,False
HDFCLIFE,nifty500,2018-09-28,,INE000012591,,NSE,False
HDIL,nifty500,2014-01-01,2018-09-28,INE000012771,,NSE,True
HEG,nifty500,2018-04-02,,INE000012861,,NSE,False
HEIDELBERG,nifty500,2014-01-01,2022-03-31,INE000012871,,NSE,True
HEMIPROP,nifty500,2021-03-31,2022-09-30,INE000012881,,NSE,True
HERITGFOOD,nifty500,2017-09-29,2021-03-31,INE000012911,,NSE,True
HEROMOTOCO,nifty500,2014-01-01,,INE000012921,,NSE,False
HEXT,nifty500,2025-09-30,,INE000012961,,NSE,False
HFCL,nifty500,2014-01-01,,INE000012971,,NSE,False
HGS,nifty500,2021-09-30,2023-09-29,INE000013001,,NSE,True
HIKAL,nifty500,2021-09-30,2023-09-29,INE000013021,,NSE,True
HIMATSEIDE,nifty500,2014-01-01,2020-09-25,INE000013051,,NSE,True
HINDALCO,nifty500,2014-01-01,,INE000013071,,NSE,False
HINDCOPPER,nifty500,2014-01-01,,INE000013111,,NSE,False
HINDOILEXP,nifty500,2014-01-01,2015-09-28,INE000013141,,NSE,True
HINDPETRO,nifty500,2014-01-01,,INE000013151,,NSE,False
HINDUNILVR,nifty500,2014-01-01,,INE000013161,,NSE,False
HINDZINC,nifty500,2014-01-01,,INE000013181,,NSE,False
HLEGLAS,nifty500,2022-03-31,2024-03-28,INE000013241,,NSE,True
HMVL,nifty500,2014-01-01,2017-09-29,INE000013281,,NSE,True
HOMEFIRST,nifty500,2021-09-30,,INE000013331,,NSE,False
HONASA,nifty500,2024-03-28,,INE000013351,,NSE,False
HONAUT,nifty500,2014-01-01,2017-09-29,INE000013361,,NSE,True
HONAUT,nifty500,2018-04-02,,INE000013361,,NSE,False
HOTELEELA,nifty500,2014-01-01,2015-09-28,,,NSE,True
HSCL,nifty500,2018-04-02,2021-09-30,INE000013451,,NSE,True
HSCL,nifty500,2024-03-28,,INE000013451,,NSE,False
HSIL,nifty500,2014-01-01,2018-12-28,,,NSE,True
HTMEDIA,nifty500,2014-01-01,2018-06-29,INE000013461,,NSE,True
HUBTOWN,nifty500,2014-01-01,2015-03-27,INE000013471,,NSE,True
HUDCO,nifty500,2017-10-30,,INE000013481,,NSE,False
HUHTAMAKI,nifty500,2014-01-01,2021-09-30,INE000013491,,NSE,True
HYUNDAI,nifty500,2025-03-28,,INE000013531,,NSE,False
IBREALEST,nifty500,2014-01-01,2023-09-29,,,NSE,True
IBULISL,nifty500,2019-03-29,2020-06-26,,,NSE,True
ICICIAMC,nifty500,2026-03-30,,INE000013591,,NSE,False
ICICIBANK,nifty500,2014-01-01,,INE000013611,,NSE,False
ICICIGI,nifty500,2018-04-02,,INE000013621,,NSE,False
ICICIPRULI,nifty500,2017-03-31,,INE000013631,,NSE,False
ICIL,nifty500,2014-01-01,2019-03-29,INE000013641,,NSE,True
ICIL,nifty500,2021-03-31,2022-09-30,INE000013641,,NSE,True
ICRA,nifty500,2014-01-01,2018-04-02,INE000013651,,NSE,True
ICRA,nifty500,2019-03-29,2021-03-31,INE000013651,,NSE,True
IDBI,nifty500,2014-01-01,,INE000013661,,NSE,False
IDEA,nifty500,2014-01-01,2024-09-30,INE000013671,,NSE,True
IDEA,nifty500,2026-03-31,,INE000013671,,NSE,False
IDFC,nifty500,2014-01-01,2024-10-10,,,NSE,True
IDFCFIRSTB,nifty500,2014-01-01,,INE000013711,,NSE,False
IEX,nifty500,2018-04-02,,INE000013751,,NSE,False
IFBIND,nifty500,2015-03-27,2015-09-28,INE000013771,,NSE,True
IFBIND,nifty500,2017-09-29,2023-09-29,INE000013771,,NSE,True
IFCI,nifty500,2014-01-01,2020-09-25,INE000013781,,NSE,True
IFCI,nifty500,2024-09-30,,INE000013781,,NSE,False
IGARASHI,nifty500,2014-01-01,2018-04-02,INE000013801,,NSE,True
IGIL,nifty500,2025-03-28,,INE000013821,,NSE,False
IGL,nifty500,2014-01-01,,INE000013831,,NSE,False
IIFL,nifty500,2014-01-01,2017-06-23,INE000013851,,NSE,True
IIFL,nifty500,2018-04-02,2018-12-28,INE000013851,,NSE,True
IIFL,nifty500,2019-09-27,,INE000013851,,NSE,False
IIFLWAM,nifty500,2020-06-26,2020-09-30,,,NSE,False
IKS,nifty500,2025-03-28,,INE000013891,,NSE,False
IL&FSENGG,nifty500,2014-01-01,2015-03-27,INE000013901,,NSE,True
IL&FSENGG,nifty500,2015-09-28,2015-09-30,INE000013901,,NSE,False
IL&FSTRANS,nifty500,2014-01-01,2019-03-29,INE000013911,,NSE,True
IMFA,nifty500,2014-01-01,2015-03-27,INE000013931,,NSE,True
INDGN,nifty500,2024-09-30,,INE000013991,,NSE,False
INDHOTEL,nifty500,2014-01-01,,INE000014001,,NSE,False
INDIACEM,nifty500,2014-01-01,,INE000014021,,NSE,False
INDIAGLYCO,nifty500,2014-01-01,2014-09-19,INE000014031,,NSE,True
INDIAMART,nifty500,2019-12-27,,INE000014041,,NSE,False
INDIANB,nifty500,2014-01-01,,INE000014051,,NSE,False
INDIGO,nifty500,2014-01-01,,INE000014101,,NSE,False
INDIGOPNTS,nifty500,2021-09-30,2024-09-30,INE000014111,,NSE,True
INDOCO,nifty500,2014-01-01,2019-09-27,INE000014161,,NSE,True
INDOCO,nifty500,2020-06-26,2023-03-31,INE000014161,,NSE,True
INDOSTAR,nifty500,2019-03-29,2020-09-25,INE000014211,,NSE,True
INDRAMEDCO,nifty500,2014-01-01,2014-09-19,INE000014271,,NSE,True
INDUSINDBK,nifty500,2014-01-01,,INE000014311,,NSE,False
INDUSTOWER,nifty500,2014-01-01,,INE000014321,,NSE,False
INFIBEAM,nifty500,2014-01-01,2020-11-25,,,NSE,True
INFIBEAM,nifty500,2021-04-29,2024-03-28,,,NSE,True
INFINITE,nifty500,2014-01-01,2014-09-19,,,NSE,True
INFY,nifty500,2014-01-01,,INE000014411,,NSE,False
INGERRAND,nifty500,2014-01-01,2017-03-31,INE000014421,,NSE,True
INGERRAND,nifty500,2017-09-29,2018-04-02,INE000014421,,NSE,True
INGERRAND,nifty500,2020-06-26,2022-03-31,INE000014421,,NSE,True
INGERRAND,nifty500,2023-03-31,2024-03-28,INE000014421,,NSE,True
INNOIND,nifty500,2014-01-01,2014-03-28,,,NSE,True
INOXINDIA,nifty500,2024-09-30,2026-03-30,INE000014491,,NSE,True
INOXLEISUR,nifty500,2014-03-28,2023-02-17,,,NSE,True
INOXWIND,nifty500,2015-09-28,2019-09-27,INE000014501,,NSE,True
INOXWIND,nifty500,2024-03-28,,INE000014501,,NSE,False
INTELLECT,nifty500,2014-01-01,2020-09-25,INE000014561,,NSE,True
INTELLECT,nifty500,2021-03-31,,INE000014561,,NSE,False
IOB,nifty500,2014-01-01,,INE000014641,,NSE,False
IOC,nifty500,2014-01-01,,INE000014651,,NSE,False
IOLCP,nifty500,2020-09-25,2022-03-31,INE000014661,,NSE,True
IPAPPM,nifty500,2014-01-01,2017-03-31,,,NSE,True
IPCALAB,nifty500,2014-01-01,,INE000014681,,NSE,False
IRB,nifty500,2014-01-01,,INE000014731,,NSE,False
IRCON,nifty500,2019-03-29,2022-09-30,INE000014741,,NSE,True
IRCON,nifty500,2023-09-29,,INE000014741,,NSE,False
IRCTC,nifty500,2020-06-26,,INE000014751,,NSE,False
IREDA,nifty500,2024-09-30,,INE000014761,,NSE,False
IRFC,nifty500,2021-09-30,,INE000014771,,NSE,False
ISEC,nifty500,2018-09-28,2025-03-21,INE000014811,,NSE,True
ITC,nifty500,2014-01-01,,INE000014931,,NSE,False
ITCHOTELS,nifty500,2025-09-30,,INE000014941,,NSE,False
ITDC,nifty500,2017-09-29,2020-09-25,INE000014951,,NSE,True
ITDCEM,nifty500,2014-01-01,2020-06-26,,,NSE,True
ITI,nifty500,2017-09-29,,INE000014971,,NSE,False
J&KBANK,nifty500,2014-01-01,2021-03-31,INE000015131,,NSE,True
J&KBANK,nifty500,2024-03-28,,INE000015131,,NSE,False
JAGRAN,nifty500,2014-01-01,2021-03-31,INE000015141,,NSE,True
JAIBALAJI,nifty500,2024-03-28,2024-09-30,INE000015161,,NSE,True
JAICORPLTD,nifty500,2014-01-01,2021-03-31,INE000015171,,NSE,True
JAINREC,nifty500,2026-03-30,,INE000015201,,NSE,False
JAMNAAUTO,nifty500,2019-03-29,2024-03-28,INE000015241,,NSE,True
JBCHEPHARM,nifty500,2014-01-01,,INE000015341,,NSE,False
JBFIND,nifty500,2014-01-01,2018-09-28,,,NSE,True
JBMA,nifty500,2022-09-30,,INE000015351,,NSE,False
JCHAC,nifty500,2014-01-01,2019-03-29,,,NSE,True
JCHAC,nifty500,2019-09-27,2019-09-30,,,NSE,False
JETAIRWAYS,nifty500,2014-01-01,2019-09-24,,,NSE,True
JINDALPOLY,nifty500,2014-01-01,2018-09-28,INE000015441,,NSE,True
JINDALSAW,nifty500,2014-01-01,2016-04-29,INE000015451,,NSE,True
JINDALSAW,nifty500,2017-09-29,2022-03-31,INE000015451,,NSE,True
JINDALSAW,nifty500,2023-09-29,,INE000015451,,NSE,False
JINDALSTEL,nifty500,2014-01-01,,INE000015461,,NSE,False
JINDWORLD,nifty500,2023-03-31,2023-09-29,INE000015481,,NSE,True
JIOFIN,nifty500,2024-03-28,,INE000015491,,NSE,False
JISLJALEQS,nifty500,2014-01-01,2020-06-26,INE000015511,,NSE,True
JKCEMENT,nifty500,2015-03-27,,INE000015541,,NSE,False
JKIL,nifty500,2014-01-01,2019-03-29,INE000015551,,NSE,True
JKLAKSHMI,nifty500,2014-01-01,2025-03-28,INE000015571,,NSE,True
JKPAPER,nifty500,2019-03-29,2024-09-30,INE000015581,,NSE,True
JKTYRE,nifty500,2014-01-01,2022-03-31,INE000015591,,NSE,True
JKTYRE,nifty500,2024-09-30,,INE000015591,,NSE,False
JMFINANCIL,nifty500,2014-01-01,,INE000015621,,NSE,False
JMTAUTOLTD,nifty500,2014-01-01,2017-09-29,,,NSE,True
JPASSOCIAT,nifty500,2014-01-01,2019-09-27,INE000015661,,NSE,True
JPINFRATEC,nifty500,2014-01-01,2017-03-31,,,NSE,True
JPPOWER,nifty500,2014-01-01,2017-03-31,INE000015681,,NSE,True
JPPOWER,nifty500,2017-09-29,2019-03-29,INE000015681,,NSE,True
JPPOWER,nifty500,2024-09-30,,INE000015681,,NSE,False
JSL,nifty500,2017-09-29,,INE000015701,,NSE,False
JSLHISAR,nifty500,2017-09-29,2022-05-31,,,NSE,True
JSWCEMENT,nifty500,2025-12-31,,INE000015721,,NSE,False
JSWDULUX,nifty500,2014-01-01,,INE000015731,,NSE,False
JSWENERGY,nifty500,2014-01-01,,INE000015741,,NSE,False
JSWHL,nifty500,2014-01-01,2017-03-31,INE000015751,,NSE,True
JSWHL,nifty500,2025-03-28,2025-09-30,INE000015751,,NSE,True
JSWINFRA,nifty500,2024-03-28,,INE000015761,,NSE,False
JSWSTEEL,nifty500,2014-01-01,,INE000015771,,NSE,False
JTEKTINDIA,nifty500,2020-09-14,2021-09-30,INE000015781,,NSE,True
JUBLFOOD,nifty500,2014-01-01,,INE000015811,,NSE,False
JUBLINGREA,nifty500,2021-09-30,,INE000015821,,NSE,False
JUBLPHARMA,nifty500,2021-09-30,,INE000015831,,NSE,False
JUSTDIAL,nifty500,2014-03-28,2025-09-30,INE000015861,,NSE,True
JWL,nifty500,2024-03-28,,INE000015871,,NSE,False
JYOTHYLAB,nifty500,2014-02-28,2026-03-30,INE000015881,,NSE,True
JYOTICNC,nifty500,2024-09-30,,INE000015891,,NSE,False
KAJARIACER,nifty500,2014-01-01,,INE000015951,,NSE,False
KALYANKJIL,nifty500,2021-09-30,,INE000016021,,NSE,False
KANSAINER,nifty500,2014-01-01,2025-09-30,INE000016141,,NSE,True
KARURVYSYA,nifty500,2014-01-01,,INE000016181,,NSE,False
KAYNES,nifty500,2023-09-29,,INE000016231,,NSE,False
KEC,nifty500,2014-01-01,,INE000016311,,NSE,False
KEI,nifty500,2019-03-29,,INE000016341,,NSE,False
KENNAMET,nifty500,2019-12-27,2020-06-26,INE000016361,,NSE,True
KENNAMET,nifty500,2023-03-31,2023-09-29,INE000016361,,NSE,True
KESORAMIND,nifty500,2014-01-01,2018-09-28,INE000016391,,NSE,True
KFINTECH,nifty500,2023-03-31,,INE000016411,,NSE,False
KGL,nifty500,2014-01-01,2014-03-28,,,NSE,True
KIMS,nifty500,2022-03-31,,INE000016491,,NSE,False
KIOCL,nifty500,2018-06-29,2019-09-27,INE000016511,,NSE,True
KIRLFER,nifty500,2023-09-29,2023-10-26,INE000016541,,NSE,True
KIRLOSBROS,nifty500,2024-09-30,2026-03-30,INE000016551,,NSE,True
KIRLOSENG,nifty500,2019-03-29,2020-06-26,INE000016561,,NSE,True
KIRLOSENG,nifty500,2024-09-30,,INE000016561,,NSE,False
KITEX,nifty500,2014-09-19,2018-09-28,INE000016601,,NSE,True
KNRCON,nifty500,2017-03-31,2017-09-29,INE000016721,,NSE,True
KNRCON,nifty500,2018-04-02,2025-09-30,INE000016721,,NSE,True
KOLTEPATIL,nifty500,2014-01-01,2021-03-31,INE000016761,,NSE,True
KOTAKBANK,nifty500,2014-01-01,,INE000016811,,NSE,False
KPIL,nifty500,2014-01-01,,INE000016901,,NSE,False
KPIT,nifty500,2014-01-01,2018-09-28,,,NSE,True
KPITTECH,nifty500,2019-09-27,2020-09-14,INE000016911,,NSE,True
KPITTECH,nifty500,2021-03-31,,INE000016911,,NSE,False
KPRMILL,nifty500,2015-03-27,2020-09-25,INE000016931,,NSE,True
KPRMILL,nifty500,2021-03-31,,INE000016931,,NSE,False
KRBL,nifty500,2015-09-28,2024-09-30,INE000016941,,NSE,True
KSB,nifty500,2020-06-26,2022-03-31,INE000017101,,NSE,True
KSB,nifty500,2023-03-31,2025-03-28,INE000017101,,NSE,True
KSB,nifty500,2025-09-30,2026-03-30,INE000017101,,NSE,True
KSBPUMPS,nifty500,2014-01-01,2017-03-31,,,NSE,True
KSCL,nifty500,2014-01-01,2022-03-31,INE000017111,,NSE,True
KTKBANK,nifty500,2014-01-01,2021-03-31,INE000017181,,NSE,True
KWALITY,nifty500,2014-01-01,2018-09-28,,,NSE,True
LAKSHVILAS,nifty500,2014-01-01,2020-06-26,,,NSE,True
LALPATHLAB,nifty500,2014-01-01,,INE000017301,,NSE,False
LAOPALA,nifty500,2014-01-01,2017-03-31,INE000017371,,NSE,True
LAOPALA,nifty500,2020-06-26,2022-03-31,INE000017371,,NSE,True
LATENTVIEW,nifty500,2022-03-31,,INE000017411,,NSE,False
LAURUSLABS,nifty500,2017-05-26,,INE000017431,,NSE,False
LAXMIMACH,nifty500,2014-01-01,2024-03-28,,,NSE,True
LEMONTREE,nifty500,2018-09-28,2022-03-31,INE000017521,,NSE,True
LEMONTREE,nifty500,2022-12-30,,INE000017521,,NSE,False
LENSKART,nifty500,2026-03-30,,INE000017531,,NSE,False
LGBBROSLTD,nifty500,2015-03-27,2015-03-31,INE000017561,,NSE,False
LGEINDIA,nifty500,2026-03-30,,INE000017571,,NSE,False
LICHSGFIN,nifty500,2014-01-01,,INE000017611,,NSE,False
LICI,nifty500,2022-08-08,,INE000017621,,NSE,False
LINDEINDIA,nifty500,2014-01-01,2017-03-31,INE000017721,,NSE,True
LINDEINDIA,nifty500,2017-09-29,2018-04-02,INE000017721,,NSE,True
LINDEINDIA,nifty500,2018-09-28,,INE000017721,,NSE,False
LITL,nifty500,2014-01-01,2017-03-31,,,NSE,True
LLOYDSME,nifty500,2024-03-28,,INE000017891,,NSE,False
LODHA,nifty500,2021-09-30,,INE000017921,,NSE,False
LOVABLE,nifty500,2014-01-01,2015-03-27,INE000017981,,NSE,True
LT,nifty500,2014-01-01,,INE000018051,,NSE,False
LTF,nifty500,2014-01-01,,INE000018061,,NSE,False
LTFOODS,nifty500,2025-03-28,,INE000018071,,NSE,False
LTM,nifty500,2022-11-14,,INE000018101,,NSE,False
LTTS,nifty500,2017-03-31,,INE000018111,,NSE,False
LUPIN,nifty500,2014-01-01,,INE000018141,,NSE,False
LUXIND,nifty500,2018-09-28,2024-03-28,INE000018151,,NSE,True
LXCHEM,nifty500,2021-09-30,2024-09-30,INE000018161,,NSE,True
M&M,nifty500,2014-01-01,,INE000018181,,NSE,False
M&MFIN,nifty500,2014-01-01,,INE000018191,,NSE,False
MAGMA,nifty500,2014-01-01,2020-06-26,,,NSE,True
MAHABANK,nifty500,2019-03-29,,INE000018341,,NSE,False
MAHINDCIE,nifty500,2014-01-01,2020-09-25,,,NSE,True
MAHINDCIE,nifty500,2020-11-25,2021-03-31,,,NSE,False
MAHINDUGIN,nifty500,2014-03-28,2014-03-31,,,NSE,False
MAHLIFE,nifty500,2014-01-01,2017-03-31,INE000018411,,NSE,True
MAHLIFE,nifty500,2022-09-30,2025-03-28,INE000018411,,NSE,True
MAHLOG,nifty500,2018-09-28,2023-09-29,INE000018421,,NSE,True
MAHSCOOTER,nifty500,2019-03-29,2021-09-30,INE000018431,,NSE,True
MAHSCOOTER,nifty500,2025-09-30,2026-03-30,INE000018431,,NSE,True
MAHSEAMLES,nifty500,2019-03-29,2021-09-30,INE000018441,,NSE,True
MAHSEAMLES,nifty500,2024-03-28,2026-03-30,INE000018441,,NSE,True
MANAPPURAM,nifty500,2014-01-01,,INE000018601,,NSE,False
MANDHANA,nifty500,2014-01-01,2015-12-14,,,NSE,True
MANGCHEFER,nifty500,2014-01-01,2015-09-28,INE000018671,,NSE,True
MANINFRA,nifty500,2014-01-01,2014-09-19,INE000018711,,NSE,True
MANKIND,nifty500,2023-07-13,,INE000018731,,NSE,False
MANPASAND,nifty500,2014-01-01,2019-03-29,,,NSE,True
MANYAVAR,nifty500,2022-09-30,2026-03-30,INE000018791,,NSE,True
MAPMYINDIA,nifty500,2022-03-31,,INE000018801,,NSE,False
MARICO,nifty500,2014-01-01,,INE000018851,,NSE,False
MARKSANS,nifty500,2015-03-27,2018-09-28,INE000018891,,NSE,True
MARUTI,nifty500,2014-01-01,,INE000018931,,NSE,False
MASFIN,nifty500,2018-04-02,2021-09-30,INE000018941,,NSE,True
MASTEK,nifty500,2014-01-01,2015-03-24,INE000018981,,NSE,True
MASTEK,nifty500,2021-09-30,2025-09-30,INE000018981,,NSE,True
MAX,nifty500,2014-01-01,2015-09-28,,,NSE,True
MAXHEALTH,nifty500,2021-03-31,,INE000019041,,NSE,False
MAXINDIA,nifty500,2017-03-31,2019-12-27,,,NSE,True
MAYURUNIQ,nifty500,2015-03-24,2017-03-31,INE000019091,,NSE,True
MAZDOCK,nifty500,2021-03-31,,INE000019111,,NSE,False
MCDOWELL-N,nifty500,2014-01-01,2014-09-19,,,NSE,True
MCDOWELL-N,nifty500,2015-03-27,2015-03-31,,,NSE,False
MCLEODRUSS,nifty500,2014-01-01,2019-03-29,INE000019181,,NSE,True
MCX,nifty500,2019-09-27,,INE000019211,,NSE,False
MEDANTA,nifty500,2023-03-31,,INE000019231,,NSE,False
MEDPLUS,nifty500,2022-03-31,2024-09-30,INE000019301,,NSE,True
MEESHO,nifty500,2026-03-30,,INE000019311,,NSE,False
METALFORGE,nifty500,2015-09-28,2015-09-30,,,NSE,False
METROBRAND,nifty500,2022-03-31,2025-03-28,INE000019441,,NSE,True
METROPOLIS,nifty500,2019-09-27,2026-03-30,INE000019461,,NSE,True
MFL,nifty500,2023-03-31,2023-09-30,,,NSE,False
MFSL,nifty500,2014-01-01,2017-01-23,INE000019481,,NSE,True
MFSL,nifty500,2017-09-29,,INE000019481,,NSE,False
MGL,nifty500,2017-03-31,,INE000019501,,NSE,False
MHRIL,nifty500,2014-01-01,2024-09-30,INE000019541,,NSE,True
MIDHANI,nifty500,2019-12-26,2022-03-31,INE000019661,,NSE,True
MINDACORP,nifty500,2017-03-31,2022-03-31,INE000019761,,NSE,True
MINDACORP,nifty500,2023-09-29,,INE000019761,,NSE,False
MMTC,nifty500,2014-01-01,,INE000019881,,NSE,False
MOIL,nifty500,2014-01-01,2023-03-31,INE000020081,,NSE,True
MONNETISPA,nifty500,2014-01-01,2015-09-28,,,NSE,True
MONSANTO,nifty500,2014-01-01,2018-04-02,,,NSE,True
MONSANTO,nifty500,2018-09-28,2019-06-28,,,NSE,True
MOTHERSON,nifty500,2014-01-01,2021-06-30,INE000020511,,NSE,True
MOTHERSON,nifty500,2022-09-30,,INE000020511,,NSE,False
MOTILALOFS,nifty500,2014-01-01,,INE000020521,,NSE,False
MPHASIS,nifty500,2014-01-01,,INE000020601,,NSE,False
MRF,nifty500,2014-01-01,,INE000020631,,NSE,False
MRPL,nifty500,2014-01-01,,INE000020651,,NSE,False
MTARTECH,nifty500,2022-04-07,2024-09-30,INE000020731,,NSE,True
MTNL,nifty500,2014-01-01,2018-09-28,INE000020751,,NSE,True
MUNJALSHOW,nifty500,2015-03-24,2015-03-31,INE000020851,,NSE,False
MUTHOOTFIN,nifty500,2014-01-01,,INE000020881,,NSE,False
NAM-INDIA,nifty500,2018-09-28,,INE000021041,,NSE,False
NATCOPHARM,nifty500,2014-01-01,,INE000021091,,NSE,False
NATIONALUM,nifty500,2014-01-01,,INE000021111,,NSE,False
NAUKRI,nifty500,2014-01-01,,INE000021131,,NSE,False
NAVA,nifty500,2025-03-28,,INE000021141,,NSE,False
NAVINFLUOR,nifty500,2014-01-01,,INE000021151,,NSE,False
NAVKARCORP,nifty500,2014-01-01,2019-03-29,INE000021161,,NSE,True
NAVNETEDUL,nifty500,2017-03-31,2018-04-02,INE000021181,,NSE,True
NAVNETEDUL,nifty500,2020-09-25,2021-03-31,INE000021181,,NSE,True
NAZARA,nifty500,2021-09-30,2024-03-28,INE000021191,,NSE,True
NBCC,nifty500,2014-03-28,,INE000021201,,NSE,False
NBVENTURES,nifty500,2017-03-31,2020-09-25,,,NSE,True
NCC,nifty500,2014-01-01,,INE000021221,,NSE,False
NDTV,nifty500,2014-01-01,2014-03-28,INE000021281,,NSE,True
NDTV,nifty500,2015-03-27,2015-03-31,INE000021281,,NSE,False
NESCO,nifty500,2018-04-02,2022-09-30,INE000021401,,NSE,True
NESTLEIND,nifty500,2019-09-27,,INE000021411,,NSE,False
NETWEB,nifty500,2024-09-30,,INE000021431,,NSE,False
NETWORK18,nifty500,2014-01-01,2020-06-26,INE000021441,,NSE,True
NETWORK18,nifty500,2020-11-02,2025-09-30,INE000021441,,NSE,True
NEULANDLAB,nifty500,2025-03-28,,INE000021461,,NSE,False
NEWGEN,nifty500,2024-09-30,,INE000021471,,NSE,False
NFL,nifty500,2017-09-29,2022-03-31,INE000021561,,NSE,True
NH,nifty500,2014-01-01,,INE000021601,,NSE,False
NHPC,nifty500,2014-01-01,,INE000021611,,NSE,False
NIACL,nifty500,2018-09-28,,INE000021621,,NSE,False
NIITLTD,nifty500,2022-09-30,2022-12-30,INE000023461,,NSE,True
NILKAMAL,nifty500,2014-01-01,2022-03-31,INE000023521,,NSE,True
NITINFIRE,nifty500,2014-09-19,2017-09-29,,,NSE,True
NIVABUPA,nifty500,2025-03-28,,INE000023641,,NSE,False
NLCINDIA,nifty500,2014-01-01,,INE000023661,,NSE,False
NMDC,nifty500,2014-01-01,2022-08-08,INE000023671,,NSE,True
NMDC,nifty500,2023-03-31,,INE000023671,,NSE,False
NOCIL,nifty500,2020-09-14,2023-09-29,INE000023691,,NSE,True
NSLNISP,nifty500,2023-04-28,,INE000023821,,NSE,False
NTPC,nifty500,2014-01-01,,INE000023841,,NSE,False
NTPCGREEN,nifty500,2025-03-28,,INE000023851,,NSE,False
NUVAMA,nifty500,2024-03-28,,INE000023881,,NSE,False
NUVOCO,nifty500,2022-03-31,2025-03-28,INE000023891,,NSE,True
NUVOCO,nifty500,2025-09-30,,INE000023891,,NSE,False
NYKAA,nifty500,2022-03-31,,INE000023931,,NSE,False
OBEROIRLTY,nifty500,2014-01-01,,INE000023961,,NSE,False
OCL,nifty500,2014-01-01,2017-01-23,,,NSE,True
OFSS,nifty500,2014-01-01,,INE000024021,,NSE,False
OIL,nifty500,2014-01-01,,INE000024031,,NSE,False
OLAELEC,nifty500,2025-03-28,,INE000024061,,NSE,False
OLECTRA,nifty500,2022-09-30,,INE000024071,,NSE,False
OMAXE,nifty500,2014-01-01,2021-03-31,INE000024101,,NSE,True
ONESOURCE,nifty500,2025-09-30,,INE000024211,,NSE,False
ONGC,nifty500,2014-01-01,,INE000024221,,NSE,False
ORBITCORP,nifty500,2014-01-01,2014-09-19,,,NSE,True
ORCHIDCHEM,nifty500,2014-01-01,2015-09-28,,,NSE,True
ORIENTBANK,nifty500,2014-01-01,2019-12-27,,,NSE,True
ORIENTCEM,nifty500,2015-09-28,2021-03-31,INE000024391,,NSE,True
ORIENTELEC,nifty500,2019-03-29,2024-03-28,INE000024411,,NSE,True
ORIENTREF,nifty500,2019-09-27,2019-09-30,,,NSE,False
ORISSAMINE,nifty500,2014-01-01,2017-09-29,INE000024471,,NSE,True
PAGEIND,nifty500,2014-01-01,,INE000024601,,NSE,False
PAPERPROD,nifty500,2020-09-25,2020-09-30,,,NSE,False
PARADEEP,nifty500,2026-03-30,,INE000024731,,NSE,False
PARAGMILK,nifty500,2017-03-31,2020-06-26,INE000024741,,NSE,True
PATANJALI,nifty500,2022-09-30,,INE000024901,,NSE,False
PAYTM,nifty500,2022-03-31,,INE000024981,,NSE,False
PCBL,nifty500,2014-01-01,,INE000025001,,NSE,False
PCJEWELLER,nifty500,2014-01-01,2020-06-26,INE000025021,,NSE,True
PEL,nifty500,2014-01-01,2022-08-08,INE000025061,,NSE,True
PEL,nifty500,2023-03-31,2025-09-23,INE000025061,,NSE,True
PENIND,nifty500,2015-03-27,2015-03-31,INE000025081,,NSE,False
PERSISTENT,nifty500,2014-01-01,,INE000025131,,NSE,False
PETRONET,nifty500,2014-01-01,,INE000025141,,NSE,False
PFC,nifty500,2014-01-01,,INE000025151,,NSE,False
PFIZER,nifty500,2014-01-01,2024-03-28,INE000025161,,NSE,True
PFIZER,nifty500,2024-09-30,,INE000025161,,NSE,False
PFOCUS,nifty500,2014-01-01,2015-03-27,INE000025171,,NSE,True
PFS,nifty500,2014-03-28,2019-03-29,INE000025181,,NSE,True
PGEL,nifty500,2025-03-28,,INE000025191,,NSE,False
PGHH,nifty500,2014-01-01,2025-03-28,INE000025201,,NSE,True
PGHH,nifty500,2025-09-30,2026-03-30,INE000025201,,NSE,True
PGHL,nifty500,2014-01-01,2023-03-31,INE000025211,,NSE,True
PGHL,nifty500,2023-09-29,2024-03-28,INE000025211,,NSE,True
PHILIPCARB,nifty500,2018-09-28,2018-09-30,,,NSE,False
PHOENIXLTD,nifty500,2014-01-01,,INE000025251,,NSE,False
PIDILITIND,nifty500,2014-01-01,,INE000025291,,NSE,False
PIIND,nifty500,2014-03-28,,INE000025311,,NSE,False
PINELABS,nifty500,2026-03-30,,INE000025341,,NSE,False
PIRAMALFIN,nifty500,2026-03-30,,INE000025371,,NSE,False
PNB,nifty500,2014-01-01,,INE000025461,,NSE,False
PNBHOUSING,nifty500,2017-05-26,,INE000025481,,NSE,False
PNCINFRA,nifty500,2015-10-19,2025-09-30,INE000025501,,NSE,True
POLARIS,nifty500,2014-01-01,2018-02-05,,,NSE,True
POLICYBZR,nifty500,2022-03-31,,INE000025581,,NSE,False
POLYCAB,nifty500,2019-09-27,,INE000025591,,NSE,False
POLYMED,nifty500,2020-06-26,,INE000025601,,NSE,False
POLYPLEX,nifty500,2020-09-25,2024-03-28,INE000025611,,NSE,True
POONAWALLA,nifty500,2021-09-30,,INE000025651,,NSE,False
POWERGRID,nifty500,2014-01-01,,INE000025671,,NSE,False
POWERINDIA,nifty500,2020-09-25,,INE000025691,,NSE,False
PPLPHARMA,nifty500,2023-02-17,,INE000025731,,NSE,False
PRAJIND,nifty500,2014-01-01,2021-03-31,INE000025781,,NSE,True
PRAJIND,nifty500,2021-09-30,2026-03-30,INE000025781,,NSE,True
PREMIERENE,nifty500,2025-03-28,,INE000025941,,NSE,False
PRESTIGE,nifty500,2014-01-01,,INE000025981,,NSE,False
PRINCEPIPE,nifty500,2021-03-31,2024-09-30,INE000026031,,NSE,True
PRIVISCL,nifty500,2022-03-31,2023-03-31,INE000026081,,NSE,True
PSL,nifty500,2014-01-01,2014-03-28,,,NSE,True
PSPPROJECT,nifty500,2020-09-14,2021-03-31,INE000026241,,NSE,True
PTC,nifty500,2014-01-01,2021-03-31,INE000026301,,NSE,True
PTCIL,nifty500,2024-09-30,,INE000026311,,NSE,False
PUNJLLOYD,nifty500,2014-01-01,2017-09-29,,,NSE,True
PVRINOX,nifty500,2023-02-06,,INE000026401,,NSE,False
PWL,nifty500,2026-03-30,,INE000026461,,NSE,False
QUESS,nifty500,2017-03-31,2025-04-11,INE000026581,,NSE,True
RADICO,nifty500,2014-01-01,,INE000026701,,NSE,False
RAILTEL,nifty500,2021-09-30,2022-09-30,INE000026731,,NSE,True
RAILTEL,nifty500,2024-03-28,,INE000026731,,NSE,False
RAIN,nifty500,2014-01-01,2024-03-28,INE000026741,,NSE,True
RAINBOW,nifty500,2022-12-30,,INE000026751,,NSE,False
RAJESHEXPO,nifty500,2014-01-01,2025-03-28,INE000026761,,NSE,True
RAJTV,nifty500,2014-01-01,2015-03-27,INE000026851,,NSE,True
RALLIS,nifty500,2014-01-01,2024-03-28,INE000026871,,NSE,True
RAMCOCEM,nifty500,2014-01-01,,INE000026921,,NSE,False
RAMCOIND,nifty500,2014-01-01,2015-09-28,INE000026931,,NSE,True
RAMCOSYS,nifty500,2014-01-01,2018-09-28,INE000026941,,NSE,True
RASOYPR,nifty500,2014-01-01,2015-09-28,,,NSE,True
RATNAMANI,nifty500,2017-03-31,2017-09-29,INE000027031,,NSE,True
RATNAMANI,nifty500,2019-09-27,2025-03-28,INE000027031,,NSE,True
RAYMOND,nifty500,2014-01-01,2021-09-30,INE000027051,,NSE,True
RAYMOND,nifty500,2022-09-30,2025-09-30,INE000027051,,NSE,True
RAYMONDLSL,nifty500,2025-03-21,2025-09-30,INE000027061,,NSE,True
RBA,nifty500,2021-04-29,2024-09-30,INE000027081,,NSE,True
RBLBANK,nifty500,2017-01-23,,INE000027101,,NSE,False
RCF,nifty500,2014-01-01,2026-03-30,INE000027151,,NSE,True
RCOM,nifty500,2014-01-01,2019-09-27,INE000027161,,NSE,True
RECLTD,nifty500,2014-01-01,,INE000027181,,NSE,False
REDINGTON,nifty500,2014-01-01,,INE000027191,,NSE,False
REIAGROLTD,nifty500,2014-01-01,2015-03-27,,,NSE,True
RELAXO,nifty500,2014-01-01,2017-09-29,INE000027251,,NSE,True
RELAXO,nifty500,2017-11-13,2024-03-28,INE000027251,,NSE,True
RELCAPITAL,nifty500,2018-02-05,2020-06-26,,,NSE,True
RELIANCE,nifty500,2014-01-01,,INE000027281,,NSE,False
RELIGARE,nifty500,2014-01-01,2018-09-28,INE000027291,,NSE,True
RELINFRA,nifty500,2014-01-01,2020-06-26,INE000027301,,NSE,True
RELINFRA,nifty500,2025-09-23,2026-03-30,INE000027301,,NSE,True
RENUKA,nifty500,2014-01-01,2020-09-25,INE000027341,,NSE,True
RENUKA,nifty500,2022-03-31,2025-09-30,INE000027341,,NSE,True
REPCOHOME,nifty500,2014-09-19,2020-09-14,INE000027351,,NSE,True
RESPONIND,nifty500,2019-12-26,2020-06-26,INE000027381,,NSE,True
RESPONIND,nifty500,2021-03-31,2021-09-30,INE000027381,,NSE,True
RHFL,nifty500,2018-04-02,2019-09-27,INE000027451,,NSE,True
RHIM,nifty500,2014-01-01,,INE000027461,,NSE,False
RICOAUTO,nifty500,2015-09-28,2015-09-30,INE000027491,,NSE,False
RIIL,nifty500,2014-01-01,2017-09-29,INE000027501,,NSE,True
RITES,nifty500,2018-12-28,,INE000027551,,NSE,False
RKFORGE,nifty500,2014-01-01,2019-09-27,INE000027591,,NSE,True
RKFORGE,nifty500,2024-03-28,,INE000027591,,NSE,False
RNAVAL,nifty500,2014-01-01,2019-03-29,,,NSE,True
ROLTA,nifty500,2014-01-01,2017-09-29,INE000027711,,NSE,True
ROSSARI,nifty500,2021-03-31,2024-03-28,INE000027731,,NSE,True
ROUTE,nifty500,2021-03-31,2025-09-30,INE000027771,,NSE,True
RPOWER,nifty500,2014-01-01,2020-06-26,INE000027821,,NSE,True
RPOWER,nifty500,2025-03-28,,INE000027821,,NSE,False
RRKABEL,nifty500,2024-03-28,,INE000027891,,NSE,False
RTNINDIA,nifty500,2022-03-31,2025-09-30,INE000027961,,NSE,True
RTNPOWER,nifty500,2014-01-01,2018-09-28,INE000027971,,NSE,True
RUCHISOYA,nifty500,2014-01-01,2017-09-29,,,NSE,True
RUPA,nifty500,2017-09-29,2019-09-27,INE000028061,,NSE,True
RUSTOMJEE,nifty500,2023-03-31,2023-09-29,INE000028081,,NSE,True
RVNL,nifty500,2019-09-27,,INE000028101,,NSE,False
SADBHAV,nifty500,2014-01-01,2020-09-25,INE000028191,,NSE,True
SADBHIN,nifty500,2018-04-02,2019-03-29,INE000028201,,NSE,True
SAFARI,nifty500,2023-09-29,2024-09-30,INE000028231,,NSE,True
SAGILITY,nifty500,2025-03-28,,INE000028271,,NSE,False
SAIL,nifty500,2014-01-01,,INE000028361,,NSE,False
SAILIFE,nifty500,2025-03-28,,INE000028371,,NSE,False
SAMMAANCAP,nifty500,2014-03-28,,INE000028531,,NSE,False
SANOFI,nifty500,2014-01-01,2025-03-28,INE000028651,,NSE,True
SAPPHIRE,nifty500,2022-03-31,,INE000028701,,NSE,False
SARDAEN,nifty500,2025-03-28,,INE000028721,,NSE,False
SAREGAMA,nifty500,2022-03-31,2022-12-30,INE000028731,,NSE,True
SAREGAMA,nifty500,2023-09-29,,INE000028731,,NSE,False
SBFC,nifty500,2024-03-28,,INE000028921,,NSE,False
SBICARD,nifty500,2020-07-31,,INE000028951,,NSE,False
SBILIFE,nifty500,2018-04-02,,INE000029011,,NSE,False
SBIN,nifty500,2014-01-01,,INE000029041,,NSE,False
SCHAEFFLER,nifty500,2014-01-01,,INE000029111,,NSE,False
SCHNEIDER,nifty500,2016-01-18,2018-04-02,INE000029131,,NSE,True
SCHNEIDER,nifty500,2020-06-26,2022-03-31,INE000029131,,NSE,True
SCHNEIDER,nifty500,2024-03-28,,INE000029131,,NSE,False
SCI,nifty500,2014-01-01,2019-09-27,INE000029141,,NSE,True
SCI,nifty500,2020-06-26,2022-12-30,INE000029141,,NSE,True
SCI,nifty500,2024-09-30,,INE000029141,,NSE,False
SEQUENT,nifty500,2014-01-01,2017-03-31,,,NSE,True
SEQUENT,nifty500,2020-06-26,2022-09-30,,,NSE,True
SFCL,nifty500,2014-01-01,2017-01-23,,,NSE,True
SFL,nifty500,2017-06-23,2018-09-28,INE000029561,,NSE,True
SFL,nifty500,2018-12-28,2023-03-31,INE000029561,,NSE,True
SFL,nifty500,2023-09-29,2024-03-28,INE000029561,,NSE,True
SGPC,nifty500,2014-01-01,2021-09-30,,,NSE,True
SHANKARA,nifty500,2018-04-02,2019-09-27,INE000029721,,NSE,True
SHARDACROP,nifty500,2014-01-01,2018-04-02,INE000029771,,NSE,True
SHARDACROP,nifty500,2019-03-29,2019-09-27,INE000029771,,NSE,True
SHARDACROP,nifty500,2021-03-31,2022-03-31,INE000029771,,NSE,True
SHARDACROP,nifty500,2022-09-30,2024-03-28,INE000029771,,NSE,True
SHASUNPHAR,nifty500,2014-01-01,2015-03-24,,,NSE,True
SHILPAMED,nifty500,2014-01-01,2018-04-02,INE000029931,,NSE,True
SHILPAMED,nifty500,2018-09-28,2020-06-26,INE000029931,,NSE,True
SHILPAMED,nifty500,2020-09-25,2023-03-31,INE000029931,,NSE,True
SHILPI,nifty500,2017-03-31,2017-11-13,,,NSE,True
SHK,nifty500,2016-04-29,2020-06-26,INE000030041,,NSE,True
SHOPERSTOP,nifty500,2014-01-01,2017-03-31,INE000030061,,NSE,True
SHOPERSTOP,nifty500,2017-09-29,2021-09-30,INE000030061,,NSE,True
SHOPERSTOP,nifty500,2022-09-30,2024-03-28,INE000030061,,NSE,True
SHREEASHTA,nifty500,2014-01-01,2014-03-28,,,NSE,True
SHREECEM,nifty500,2014-01-01,,INE000030101,,NSE,False
SHRIRAMCIT,nifty500,2014-01-01,2022-08-08,,,NSE,True
SHRIRAMFIN,nifty500,2014-01-01,,INE000030241,,NSE,False
SHTV,nifty500,2014-01-01,2021-09-30,,,NSE,True
SHYAMMETL,nifty500,2022-03-31,,INE000030331,,NSE,False
SIEMENS,nifty500,2014-01-01,,INE000030401,,NSE,False
SIGNATURE,nifty500,2024-03-28,,INE000030451,,NSE,False
SIMPLEXINF,nifty500,2014-01-01,2017-03-31,INE000030701,,NSE,True
SINTEX,nifty500,2014-01-01,2017-03-31,,,NSE,True
SIS,nifty500,2018-04-02,2023-03-31,INE000030771,,NSE,True
SITICABLE,nifty500,2015-09-28,2015-09-30,,,NSE,False
SITINET,nifty500,2014-01-01,2017-03-31,INE000030781,,NSE,True
SJVN,nifty500,2014-01-01,,INE000030821,,NSE,False
SKFINDIA,nifty500,2014-01-01,2025-12-31,INE000030831,,NSE,True
SKUMARSYNF,nifty500,2014-01-01,2014-09-19,,,NSE,True
SMLISUZU,nifty500,2014-01-01,2018-09-28,,,NSE,True
SNOWMAN,nifty500,2014-01-01,2018-04-02,INE000031071,,NSE,True
SOBHA,nifty500,2014-01-01,,INE000031101,,NSE,False
SOLARA,nifty500,2020-09-25,2022-09-30,INE000031131,,NSE,True
SOLARINDS,nifty500,2014-01-01,,INE000031141,,NSE,False
SOMANYCERA,nifty500,2014-01-01,2018-04-02,INE000031171,,NSE,True
SONACOMS,nifty500,2021-10-29,,INE000031201,,NSE,False
SONASTEER,nifty500,2014-03-28,2014-03-31,,,NSE,False
SONATSOFTW,nifty500,2014-01-01,,INE000031241,,NSE,False
SOUTHBANK,nifty500,2014-01-01,2021-03-31,INE000031281,,NSE,True
SPANDANA,nifty500,2019-12-27,2020-09-14,INE000031311,,NSE,True
SPANDANA,nifty500,2021-03-31,2022-03-31,INE000031311,,NSE,True
SPARC,nifty500,2014-03-28,2025-03-28,INE000031321,,NSE,True
SPICEJET,nifty500,2019-12-27,2022-09-30,,,NSE,True
SPLPETRO,nifty500,2026-03-30,,INE000031441,,NSE,False
SPTL,nifty500,2018-04-02,2019-09-27,,,NSE,True
SREINFRA,nifty500,2014-01-01,2019-09-27,,,NSE,True
SRF,nifty500,2014-01-01,,INE000031521,,NSE,False
SRIPIPES,nifty500,2015-09-28,2015-09-30,,,NSE,False
STAR,nifty500,2014-01-01,2018-02-05,INE000031661,,NSE,True
STAR,nifty500,2018-09-28,2022-09-30,INE000031661,,NSE,True
STARCEMENT,nifty500,2017-11-20,2022-03-31,INE000031671,,NSE,True
STARHEALTH,nifty500,2022-03-31,,INE000031681,,NSE,False
STCINDIA,nifty500,2014-01-01,2017-09-29,INE000031711,,NSE,True
STLTECH,nifty500,2014-01-01,2024-09-30,INE000031791,,NSE,True
STRTECH,nifty500,2014-01-01,2016-01-18,,,NSE,True
STRTECH,nifty500,2017-03-31,2017-09-30,,,NSE,False
SUDARSCHEM,nifty500,2017-03-31,2023-03-31,INE000031921,,NSE,True
SUMICHEM,nifty500,2020-06-26,,INE000031981,,NSE,False
SUNCLAYLTD,nifty500,2019-04-15,2020-06-26,,,NSE,True
SUNCLAYLTD,nifty500,2021-03-31,2021-09-30,,,NSE,True
SUNDARMFIN,nifty500,2014-01-01,2017-11-13,INE000032031,,NSE,True
SUNDARMFIN,nifty500,2018-09-28,,INE000032031,,NSE,False
SUNDRMFAST,nifty500,2014-01-01,2025-03-28,INE000032051,,NSE,True
SUNDRMFAST,nifty500,2025-04-11,2026-03-30,INE000032051,,NSE,True
SUNPHARMA,nifty500,2014-01-01,,INE000032101,,NSE,False
SUNTECK,nifty500,2014-01-01,2024-09-30,INE000032151,,NSE,True
SUNTV,nifty500,2014-01-01,,INE000032161,,NSE,False
SUPPETRO,nifty500,2017-09-29,2018-04-02,,,NSE,True
SUPPETRO,nifty500,2020-09-25,2022-04-07,,,NSE,True
SUPRAJIT,nifty500,2014-01-01,2017-03-31,INE000032191,,NSE,True
SUPRAJIT,nifty500,2017-09-29,2018-04-02,INE000032191,,NSE,True
SUPRAJIT,nifty500,2019-03-29,2024-03-28,INE000032191,,NSE,True
SUPREMEIND,nifty500,2014-01-01,,INE000032221,,NSE,False
SUVEN,nifty500,2015-03-24,2020-01-16,INE000032391,,NSE,True
SUVENPHAR,nifty500,2020-09-25,2020-09-30,,,NSE,False
SUZLON,nifty500,2014-01-01,,INE000032421,,NSE,False
SWANCORP,nifty500,2014-01-01,,INE000032461,,NSE,False
SWANENERGY,nifty500,2014-01-01,2021-09-30,,,NSE,True
SWANENERGY,nifty500,2022-09-30,2023-03-31,,,NSE,False
SWARAJENG,nifty500,2020-09-14,2021-03-31,INE000032491,,NSE,True
SWIGGY,nifty500,2025-03-28,,INE000032531,,NSE,False
SWSOLAR,nifty500,2020-03-27,2025-09-30,INE000032551,,NSE,True
SYMPHONY,nifty500,2015-09-28,2023-03-31,INE000032571,,NSE,True
SYMPHONY,nifty500,2023-09-29,2024-03-28,INE000032571,,NSE,True
SYNDIBANK,nifty500,2014-01-01,2019-12-27,,,NSE,True
SYNGENE,nifty500,2014-01-01,,INE000032591,,NSE,False
SYRMA,nifty500,2023-09-29,,INE000032611,,NSE,False
TAKE,nifty500,2014-01-01,2020-09-25,INE000032681,,NSE,True
TANLA,nifty500,2021-03-31,2025-09-30,INE000032731,,NSE,True
TARIL,nifty500,2025-03-28,,INE000032781,,NSE,False
TASTYBITE,nifty500,2019-12-27,2022-03-31,INE000032811,,NSE,True
TATACAP,nifty500,2026-03-30,,INE000032821,,NSE,False
TATACHEM,nifty500,2014-01-01,2019-12-27,INE000032831,,NSE,True
TATACHEM,nifty500,2020-09-25,,INE000032831,,NSE,False
TATACOFFEE,nifty500,2014-01-01,2019-09-27,,,NSE,True
TATACOFFEE,nifty500,2020-09-14,2020-09-30,,,NSE,False
TATACOMM,nifty500,2014-01-01,2018-06-29,INE000032841,,NSE,True
TATACOMM,nifty500,2020-06-26,,INE000032841,,NSE,False
TATACONSUM,nifty500,2014-01-01,,INE000032851,,NSE,False
TATAELXSI,nifty500,2014-01-01,,INE000032861,,NSE,False
TATAINVEST,nifty500,2017-03-31,2021-09-30,INE000032881,,NSE,True
TATAINVEST,nifty500,2022-03-31,,INE000032881,,NSE,False
TATAPOWER,nifty500,2014-01-01,,INE000032891,,NSE,False
TATASPONGE,nifty500,2014-01-01,2019-03-29,,,NSE,True
TATASTEEL,nifty500,2014-01-01,,INE000032901,,NSE,False
TATASTLBSL,nifty500,2020-01-16,2021-04-29,,,NSE,True
TATASTLLP,nifty500,2021-09-30,2022-09-30,,,NSE,True
TATATECH,nifty500,2024-03-28,,INE000032911,,NSE,False
TBOTEK,nifty500,2024-09-30,,INE000032961,,NSE,False
TCI,nifty500,2014-01-01,2016-04-29,INE000032991,,NSE,True
TCI,nifty500,2022-09-30,2023-09-29,INE000032991,,NSE,True
TCIEXP,nifty500,2019-09-27,2023-09-29,INE000033001,,NSE,True
TCNSBRANDS,nifty500,2019-03-29,2023-09-29,,,NSE,True
TCS,nifty500,2014-01-01,,INE000033041,,NSE,False
TEAMLEASE,nifty500,2018-09-28,2024-03-28,INE000033071,,NSE,True
TECHM,nifty500,2014-01-01,,INE000033141,,NSE,False
TECHNO,nifty500,2014-01-01,2018-08-08,,,NSE,True
TECHNOE,nifty500,2019-09-27,2020-06-26,INE000033161,,NSE,True
TECHNOE,nifty500,2024-09-30,,INE000033161,,NSE,False
TEGA,nifty500,2026-03-30,,INE000033191,,NSE,False
TEJASNET,nifty500,2022-09-30,,INE000033211,,NSE,False
TENNIND,nifty500,2026-03-30,,INE000033241,,NSE,False
TEXRAIL,nifty500,2014-01-01,2019-03-29,INE000033291,,NSE,True
THELEELA,nifty500,2025-09-30,,INE000033401,,NSE,False
THERMAX,nifty500,2014-01-01,,INE000033421,,NSE,False
THOMASCOOK,nifty500,2014-01-01,2019-09-27,INE000033441,,NSE,True
THYROCARE,nifty500,2017-03-31,2023-03-31,INE000033461,,NSE,True
TI,nifty500,2014-01-01,2015-03-27,INE000033471,,NSE,True
TIDEWATER,nifty500,2014-01-01,2017-09-29,,,NSE,True
TIFIN,nifty500,2018-02-05,2018-03-31,,,NSE,False
TIINDIA,nifty500,2018-06-29,,INE000033511,,NSE,False
TIMETECHNO,nifty500,2017-09-29,2020-09-25,INE000033551,,NSE,True
TIMKEN,nifty500,2014-01-01,,INE000033571,,NSE,False
TINPLATE,nifty500,2014-01-01,2014-09-19,,,NSE,True
TITAGARH,nifty500,2024-03-28,,INE000033641,,NSE,False
TITAN,nifty500,2014-01-01,,INE000033651,,NSE,False
TMB,nifty500,2023-03-31,2023-09-29,INE000033661,,NSE,True
TMB,nifty500,2024-03-28,2024-09-30,INE000033661,,NSE,True
TMCV,nifty500,2026-03-30,,INE000033671,,NSE,False
TMPV,nifty500,2014-01-01,,INE000033681,,NSE,False
TNPL,nifty500,2014-01-01,2019-09-27,INE000033711,,NSE,True
TORNTPHARM,nifty500,2014-01-01,,INE000033791,,NSE,False
TORNTPOWER,nifty500,2014-01-01,,INE000033801,,NSE,False
TRAVELFOOD,nifty500,2026-03-30,,INE000033931,,NSE,False
TRENT,nifty500,2014-01-01,,INE000033971,,NSE,False
TRIDENT,nifty500,2014-03-28,,INE000033991,,NSE,False
TRITURBINE,nifty500,2014-01-01,2017-09-29,INE000034031,,NSE,True
TRITURBINE,nifty500,2019-03-29,2019-09-27,INE000034031,,NSE,True
TRITURBINE,nifty500,2019-12-27,2020-06-26,INE000034031,,NSE,True
TRITURBINE,nifty500,2021-03-31,,INE000034031,,NSE,False
TRIVENI,nifty500,2022-05-31,2026-03-30,INE000034041,,NSE,True
TTKPRESTIG,nifty500,2014-01-01,2024-03-28,INE000034121,,NSE,True
TTML,nifty500,2021-09-30,,INE000034141,,NSE,False
TUBEINVEST,nifty500,2014-01-01,2017-05-26,,,NSE,True
TULIP,nifty500,2014-01-01,2014-03-28,,,NSE,True
TV18BRDCST,nifty500,2014-01-01,2024-10-16,,,NSE,True
TVSMOTOR,nifty500,2014-01-01,,INE000034201,,NSE,False
TVSSCS,nifty500,2024-03-28,2025-03-28,INE000034211,,NSE,True
TVSSRICHAK,nifty500,2014-01-01,2019-03-29,INE000034221,,NSE,True
TVTODAY,nifty500,2016-04-29,2021-03-31,INE000034231,,NSE,True
UBHOLDINGS,nifty500,2014-01-01,2014-03-28,,,NSE,True
UBL,nifty500,2014-01-01,,INE000034261,,NSE,False
UCOBANK,nifty500,2014-01-01,2022-09-30,INE000034291,,NSE,True
UCOBANK,nifty500,2022-12-30,,INE000034291,,NSE,False
UFLEX,nifty500,2014-01-01,2023-09-29,INE000034351,,NSE,True
UJJIVAN,nifty500,2017-01-23,2022-03-31,,,NSE,True
UJJIVANSFB,nifty500,2020-06-26,2022-03-31,INE000034401,,NSE,True
UJJIVANSFB,nifty500,2023-09-29,2025-03-28,INE000034401,,NSE,True
ULTRACEMCO,nifty500,2014-01-01,,INE000034411,,NSE,False
UNICHEMLAB,nifty500,2014-01-01,2019-03-29,INE000034481,,NSE,True
UNIONBANK,nifty500,2014-01-01,,INE000034561,,NSE,False
UNITDSPR,nifty500,2014-01-01,,INE000034591,,NSE,False
UNITECH,nifty500,2014-01-01,2018-09-28,INE000034601,,NSE,True
UNITEDBNK,nifty500,2017-09-29,2018-04-02,,,NSE,True
UNOMINDA,nifty500,2017-03-31,,INE000034671,,NSE,False
UPL,nifty500,2014-01-01,,INE000034691,,NSE,False
URBANCO,nifty500,2026-03-30,,INE000034711,,NSE,False
USHAMART,nifty500,2023-09-29,,INE000034761,,NSE,False
UTIAMC,nifty500,2021-03-31,,INE000034781,,NSE,False
VAIBHAVGBL,nifty500,2019-09-24,2024-09-30,INE000034891,,NSE,True
VAKRANGEE,nifty500,2014-01-01,2022-09-30,INE000034911,,NSE,True
VALIANTORG,nifty500,2021-03-31,2022-03-31,INE000034941,,NSE,True
VARROC,nifty500,2018-12-28,2025-03-28,INE000035011,,NSE,True
VBL,nifty500,2017-05-26,,INE000035061,,NSE,False
VEDL,nifty500,2014-01-01,2020-07-31,INE000035101,,NSE,True
VEDL,nifty500,2021-03-31,,INE000035101,,NSE,False
VENKEYS,nifty500,2014-01-01,2015-03-27,INE000035161,,NSE,True
VENKEYS,nifty500,2018-09-28,2022-09-30,INE000035161,,NSE,True
VENTIVE,nifty500,2025-09-30,2026-03-30,INE000035171,,NSE,True
VESUVIUS,nifty500,2017-09-29,2018-04-02,INE000035251,,NSE,True
VESUVIUS,nifty500,2020-06-26,2020-09-25,INE000035251,,NSE,True
VGUARD,nifty500,2014-01-01,2026-03-30,INE000035301,,NSE,True
VIJAYA,nifty500,2022-03-31,,INE000035391,,NSE,False
VIJAYABANK,nifty500,2014-01-01,2019-01-28,,,NSE,True
VINATIORGA,nifty500,2015-03-27,2024-03-28,INE000035501,,NSE,True
VINATIORGA,nifty500,2024-09-30,2025-03-28,INE000035501,,NSE,True
VIPIND,nifty500,2014-01-01,2025-03-28,INE000035591,,NSE,True
VMART,nifty500,2018-09-28,2024-03-28,INE000035861,,NSE,True
VMM,nifty500,2025-03-28,,INE000035871,,NSE,False
VOLTAS,nifty500,2014-01-01,,INE000035951,,NSE,False
VRLLOG,nifty500,2015-09-28,2021-03-31,INE000035981,,NSE,True
VSTIND,nifty500,2014-01-01,2017-09-29,INE000036021,,NSE,True
VSTIND,nifty500,2019-03-29,2021-09-30,INE000036021,,NSE,True
VTL,nifty500,2014-01-01,,INE000036051,,NSE,False
WAAREEENER,nifty500,2025-03-28,,INE000036071,,NSE,False
WABAG,nifty500,2014-09-19,2020-06-26,INE000036101,,NSE,True
WELCORP,nifty500,2014-09-19,,INE000036221,,NSE,False
WELSPUNLIV,nifty500,2014-01-01,,INE000036261,,NSE,False
WESTLIFE,nifty500,2019-12-27,2025-09-30,INE000036281,,NSE,True
WHEELS,nifty500,2014-09-19,2014-09-30,INE000036321,,NSE,False
WHIRLPOOL,nifty500,2014-01-01,,INE000036331,,NSE,False
WIPRO,nifty500,2014-01-01,,INE000036431,,NSE,False
WOCKPHARMA,nifty500,2014-01-01,2023-03-31,INE000036441,,NSE,True
WOCKPHARMA,nifty500,2025-03-28,,INE000036441,,NSE,False
WONDERLA,nifty500,2014-01-01,2017-09-29,INE000036471,,NSE,True
WSTCSTPAPR,nifty500,2014-01-01,2014-09-19,INE000036511,,NSE,True
YESBANK,nifty500,2014-01-01,2020-03-19,INE000036641,,NSE,True
YESBANK,nifty500,2020-09-25,,INE000036641,,NSE,False
ZEEL,nifty500,2014-01-01,,INE000036701,,NSE,False
ZEELEARN,nifty500,2014-01-01,2018-09-28,INE000036711,,NSE,True
ZENSARTECH,nifty500,2014-01-01,2018-04-02,INE000036761,,NSE,True
ZENSARTECH,nifty500,2018-09-28,,INE000036761,,NSE,False
ZENTEC,nifty500,2025-03-28,,INE000036771,,NSE,False
ZFCVINDIA,nifty500,2014-01-01,,INE000036781,,NSE,False
ZODIACLOTH,nifty500,2014-01-01,2014-03-28,INE000036821,,NSE,True
ZYDUSLIFE,nifty500,2014-01-01,,INE000036881,,NSE,False
ZYDUSWELL,nifty500,2014-01-01,2017-09-29,INE000036891,,NSE,True
ZYDUSWELL,nifty500,2018-09-28,2024-03-28,INE000036891,,NSE,True
ZYDUSWELL,nifty500,2026-03-30,,INE000036891,,NSE,False
