symbol,segment
20MICRONS,EQ
21STCENMGM,EQ
360ONE,EQ
3BBLACKBIO,EQ
3IINFOLTD,EQ
3MINDIA,EQ
3PLAND,EQ
5PAISA,EQ
63MOONS,EQ
A2ZINFRA,EQ
AAATECH,EQ
AADHARHFC,EQ
AAKAAR,SME
AAKASH,EQ
AARADHYA,SME
AAREYDRUGS,EQ
AARNAV,EQ
AARON,EQ
AARTECH,EQ
AARTIDRUGS,EQ
AARTIIND,EQ
AARTIPHARM,EQ
AARTISURF,EQ
AARVI,EQ
AATMAJ,SME
AAVAS,EQ
ABAN,EQ
ABANSENT,EQ
ABB,EQ
ABBOTINDIA,EQ
ABCAPITAL,EQ
ABCOTS,EQ
ABDL,EQ
ABFRL,EQ
ABHAPOWER,SME
ABINFRA,EQ
ABLBL,EQ
ABMINTLLTD,EQ
ABMKNO,EQ
ABREL,EQ
ABSLAMC,EQ
ABSMARINE,SME
ACC,EQ
ACCELYA,EQ
ACCENTMIC,SME
ACCORD,SME
ACCPL,SME
ACCURACY,EQ
ACE,EQ
ACEINTEG,EQ
ACETEC,SME
ACI,EQ
ACL,EQ
ACMESOLAR,EQ
ACSTECH,EQ
ACTIVEINFR,SME
ACUTAAS,EQ
ADANIENSOL,EQ
ADANIENT,EQ
ADANIGREEN,EQ
ADANIPORTS,EQ
ADANIPOWER,EQ
ADDICTIVE,SME
ADFFOODS,EQ
ADISOFT,SME
ADL,EQ
ADOR,EQ
ADROITINFO,EQ
ADSL,EQ
ADVAIT,EQ
ADVANCE,EQ
ADVANIHOTR,EQ
ADVENTHTL,EQ
ADVENZYMES,EQ
AEGISLOG,EQ
AEGISVOPAK,EQ
AEPL,EQ
AEQUS,EQ
AEROENTER,EQ
AEROFLEX,EQ
AERON,SME
AERONEU,EQ
AESTHETIK,SME
AETHER,EQ
AFCONS,EQ
AFFLE,EQ
AFFORDABLE,EQ
AFIL,EQ
AFSL,EQ
AGARIND,EQ
AGARWALEYE,EQ
AGARWALFT,SME
AGARWALTUF,SME
AGI,EQ
AGIIL,EQ
AGNI,SME
AGRITECH,EQ
AGROPHOS,EQ
AGUL,SME
AHCL,EQ
AHIMSA,SME
AHLADA,EQ
AHLEAST,EQ
AHLUCONT,EQ
AHLWEST,EQ
AIAENG,EQ
AIIL,EQ
AILIMITED,SME
AIMTRON,SME
AIRAN,EQ
AIROLAM,EQ
AISL,SME
AJANTPHARM,EQ
AJAXENGG,EQ
AJMERA,EQ
AJOONI,EQ
AKANKSHA,SME
AKASH,EQ
AKCAPIT,EQ
AKG,EQ
AKI,EQ
AKIKO,SME
AKSHAR,EQ
AKSHARCHEM,EQ
AKSHOPTFBR,EQ
AKUMS,EQ
ALANKIT,EQ
ALBERTDAVD,EQ
ALCODIS,SME
ALEMBICLTD,EQ
ALGOQUANT,EQ
ALICON,EQ
ALIVUS,EQ
ALKALI,EQ
ALKEM,EQ
ALKYLAMINE,EQ
ALLCARGO,EQ
ALLDIGI,EQ
ALLETEC,SME
ALLTIME,EQ
ALMONDZ,EQ
ALOKINDS,EQ
ALPA,EQ
ALPEXSOLAR,SME
ALPHAGEO,EQ
ALUWIND,SME
AMAGI,EQ
AMANTA,EQ
AMBAAUTO,SME
AMBALALSA,EQ
AMBANIORGO,SME
AMBER,EQ
AMBEY,SME
AMBICAAGAR,EQ
AMBIKCO,EQ
AMBUJACEM,EQ
AMCL,SME
AMDIND,EQ
AMEYA,SME
AMIABLE,SME
AMIRCHAND,EQ
AMJLAND,EQ
AMNPLST,EQ
AMRUTANJAN,EQ
ANANDRATHI,EQ
ANANTRAJ,EQ
ANDHRAPAP,EQ
ANDHRSUGAR,EQ
ANGELONE,EQ
ANIKINDS,EQ
ANKITMETAL,EQ
ANLON,SME
ANMOL,EQ
ANNAPURNA,SME
ANONDITA,SME
ANSALAPI,EQ
ANTELOPUS,EQ
ANTGRAPHIC,EQ
ANTHEM,EQ
ANUHPHR,EQ
ANUP,EQ
ANURAS,EQ
ANYA,SME
APARINDS,EQ
APCL,EQ
APCOTEXIND,EQ
APEX,EQ
APEXECO,SME
APLAPOLLO,EQ
APLLTD,EQ
APOLLO,EQ
APOLLOHOSP,EQ
APOLLOPIPE,EQ
APOLLOTYRE,EQ
APOLSINHOT,EQ
APRAMEYA,SME
APS,SME
APSISAERO,SME
APTECHT,EQ
APTUS,EQ
AQYLON,EQ
ARABIAN,SME
ARCHIDPLY,EQ
ARCHIES,EQ
ARCIIL,SME
ARE&M,EQ
ARENTERP,EQ
ARFIN,EQ
ARHAM,SME
ARIES,EQ
ARIHANT,EQ
ARIHANTACA,SME
ARIHANTCAP,EQ
ARIHANTSUP,EQ
ARIS,EQ
ARISTO,SME
ARKADE,EQ
ARMANFIN,EQ
ARMOUR,SME
AROGRANITE,EQ
ARROWGREEN,EQ
ARSHIYA,EQ
ARSSBL,EQ
ARTEMISMED,EQ
ARTNIRMAN,EQ
ARUNAYA,SME
ARVEE,EQ
ARVIND,EQ
ARVINDFASN,EQ
ARVINDPORT,SME
ARVSMART,EQ
ASAHIINDIA,EQ
ASAHISONG,EQ
ASAL,EQ
ASALCBR,EQ
ASCOM,SME
ASHALOG,SME
ASHAPURMIN,EQ
ASHIANA,EQ
ASHIKA,EQ
ASHIMASYN,EQ
ASHOKA,EQ
ASHOKAMET,EQ
ASHOKLEY,EQ
ASHWINI,SME
ASIANENE,EQ
ASIANHOTNR,EQ
ASIANPAINT,EQ
ASIANTILES,EQ
ASKAUTOLTD,EQ
ASMS,EQ
ASPINWALL,EQ
ASPIRE,SME
ASTAR,EQ
ASTEC,EQ
ASTERDM,EQ
ASTRAL,EQ
ASTRAMICRO,EQ
ASTRAZEN,EQ
ASTRON,EQ
ATALREAL,EQ
ATAM,EQ
ATCENERGY,SME
ATGL,EQ
ATHERENERG,EQ
ATL,EQ
ATLANTAA,EQ
ATLANTAELE,EQ
ATLASCYCLE,EQ
ATMASTCO,SME
ATUL,EQ
ATULAUTO,EQ
AUBANK,EQ
AURIGROW,EQ
AURIONPRO,EQ
AUROIMPEX,SME
AUROPHARMA,EQ
AURUM,EQ
AUSL,SME
AUSOMENT,EQ
AUTOAXLES,EQ
AUTOIND,EQ
AVADHSUGAR,EQ
AVAILFC,EQ
AVALON,EQ
AVANA,SME
AVANTEL,EQ
AVANTIFEED,EQ
AVATAR,SME
AVG,EQ
AVIANSH,SME
AVL,EQ
AVONMORE,EQ
AVPINFRA,SME
AVROIND,EQ
AVSL,SME
AVTNPL,EQ
AWFIS,EQ
AWHCL,EQ
AWL,EQ
AXISBANK,EQ
AXISCADES,EQ
AXITA,EQ
AYE,EQ
AYMSYNTEX,EQ
AZAD,EQ
BABAFP,SME
BAFNAPH,EQ
BAGDIGITAL,SME
BAGFILMS,EQ
BAHETI,SME
BAIDFIN,EQ
BAJAJ-AUTO,EQ
BAJAJCON,EQ
BAJAJELEC,EQ
BAJAJFINSV,EQ
BAJAJHCARE,EQ
BAJAJHFL,EQ
BAJAJHIND,EQ
BAJAJHLDNG,EQ
BAJAJINDEF,EQ
BAJAJST,EQ
BAJEL,EQ
BAJFINANCE,EQ
BALAJEE,EQ
BALAJIPHOS,SME
BALAJITELE,EQ
BALAMINES,EQ
BALAXI,EQ
BALCO,SME
BALKRISHNA,EQ
BALKRISIND,EQ
BALMLAWRIE,EQ
BALPHARMA,EQ
BALRAMCHIN,EQ
BALUFORGE,EQ
BANARBEADS,EQ
BANARISUG,EQ
BANCOINDIA,EQ
BANDHANBNK,EQ
BANG,EQ
BANKA,EQ
BANKBARODA,EQ
BANKINDIA,EQ
BANSALWIRE,EQ
BANSWRAS,EQ
BARFLEX,SME
BASF,EQ
BASILIC,SME
BASML,EQ
BATAINDIA,EQ
BATLIBOI,EQ
BAWEJA,SME
BAYERCROP,EQ
BBL,EQ
BBOX,EQ
BBTC,EQ
BBTCL,EQ
BCG,EQ
BCLIND,EQ
BCONCEPTS,EQ
BCPL,EQ
BDL,EQ
BEACON,SME
BEARDSELL,EQ
BECTORFOOD,EQ
BEDMUTHA,EQ
BEEKAY,EQ
BEL,EQ
BELLACASA,EQ
BELRISE,EQ
BEML,EQ
BENGALASM,EQ
BEPL,EQ
BERGEPAINT,EQ
BESTAGRO,EQ
BETA,EQ
BEWLTD,SME
BFINVEST,EQ
BFUTILITIE,EQ
BGRENERGY,EQ
BHADORA,SME
BHAGCHEM,EQ
BHAGERIA,EQ
BHAGYANGR,EQ
BHANDARI,EQ
BHARATCOAL,EQ
BHARATFORG,EQ
BHARATGEAR,EQ
BHARATRAS,EQ
BHARATSE,EQ
BHARATWIRE,EQ
BHARTIARTL,EQ
BHARTIHEXA,EQ
BHEL,EQ
BI,EQ
BIGBLOC,EQ
BIKAJI,EQ
BIKEWO,SME
BIL,EQ
BIMETAL,EQ
BIOCON,EQ
BIOFILCHEM,EQ
BIOPOL,SME
BIRDYS,SME
BIRLACABLE,EQ
BIRLACORPN,EQ
BIRLAMONEY,EQ
BIRLANU,EQ
BIRLAPREC,EQ
BLACKBUCK,EQ
BLACKROSE,EQ
BLAL,EQ
BLBLIMITED,EQ
BLIL,EQ
BLISSGVS,EQ
BLKASHYAP,EQ
BLS,EQ
BLSE,EQ
BLUECHIP,EQ
BLUECOAST,EQ
BLUEDART,EQ
BLUEJET,EQ
BLUEPEBBLE,SME
BLUESTARCO,EQ
BLUESTONE,EQ
BLUEWATER,SME
BLUSPRING,EQ
BMETRICS,SME
BMWVENTLTD,EQ
BNAGROCHEM,EQ
BNALTD,EQ
BODALCHEM,EQ
BOHRAIND,EQ
BOMDYEING,EQ
BONLON,EQ
BORANA,EQ
BOROLTD,EQ
BORORENEW,EQ
BOROSCI,EQ
BOSCH-HCIL,EQ
BOSCHLTD,EQ
BOSS,SME
BPCL,EQ
BPL,EQ
BRACEPORT,SME
BRANDMAN,SME
BRIGADE,EQ
BRIGHOTEL,EQ
BRITANNIA,EQ
BRNL,EQ
BROOKS,EQ
BSE,EQ
BSHSL,EQ
BSL,EQ
BSOFT,EQ
BTML,EQ
BTTL,EQ
BUILDPRO,EQ
BULKCORP,SME
BUTTERFLY,EQ
BVCL,EQ
BYKE,EQ
C2C,SME
CADSYS,SME
CALSOFT,EQ
CAMLINFINE,EQ
CAMPUS,EQ
CAMS,EQ
CANARYS,SME
CANBK,EQ
CANFINHOME,EQ
CANHLIFE,EQ
CANTABIL,EQ
CAPACITE,EQ
CAPILLARY,EQ
CAPITALSFB,EQ
CAPLIPOINT,EQ
CAPTRUST,EQ
CARBORUNIV,EQ
CARERATING,EQ
CARRARO,EQ
CARTRADE,EQ
CARYSIL,EQ
CASTROLIND,EQ
CBAZAAR,SME
CCAVENUE,EQ
CCCL,EQ
CCHHL,EQ
CCL,EQ
CDSL,EQ
CEATLTD,EQ
CEDAAR,SME
CEIGALL,EQ
CEINSYS,EQ
CELEBRITY,EQ
CELLECOR,SME
CELLO,EQ
CELLPOINT,SME
CEMPRO,EQ
CENTENKA,EQ
CENTEXT,EQ
CENTRALBK,EQ
CENTRUM,EQ
CENTUM,EQ
CENTURYPLY,EQ
CERA,EQ
CEREBRAINT,EQ
CESC,EQ
CEWATER,EQ
CGCL,EQ
CGPOWER,EQ
CGRAPHICS,SME
CHALET,EQ
CHAMBLFERT,EQ
CHAMUNDA,SME
CHANDAN,SME
CHAVDA,SME
CHEMBOND,EQ
CHEMBONDCH,EQ
CHEMCON,EQ
CHEMFAB,EQ
CHEMPLASTS,EQ
CHENNPETRO,EQ
CHETANA,SME
CHEVIOT,EQ
CHOICEIN,EQ
CHOLAFIN,EQ
CHOLAHLDNG,EQ
CIEINDIA,EQ
CIFL,EQ
CIGNITITEC,EQ
CINELINE,EQ
CINEVISTA,EQ
CIPLA,EQ
CKKRETAIL,SME
CLASSICEIL,SME
CLEAN,EQ
CLEANMAX,EQ
CLEDUCATE,EQ
CLSEL,EQ
CLSL,SME
CMNL,SME
CMPDI,EQ
CMRSL,SME
CMSINFO,EQ
CNL,EQ
COALINDIA,EQ
COASTCORP,EQ
COCHINSHIP,EQ
COCKERILL,EQ
COFFEEDAY,EQ
COFORGE,EQ
COHANCE,EQ
COLPAL,EQ
COMFINTE,EQ
COMMITTED,SME
COMPINFO,EQ
COMPUSOFT,EQ
COMSYN,EQ
CONCOR,EQ
CONCORDBIO,EQ
CONFIPET,EQ
CONNPLEX,SME
CONSOFINVT,EQ
CONTI,SME
CONTROLPR,EQ
COOLCAPS,SME
CORALFINAC,EQ
CORDSCABLE,EQ
COROMANDEL,EQ
CORONA,EQ
COSMOFIRST,EQ
COUNCODOS,EQ
CPCAP,EQ
CPEDU,EQ
CPPLUS,EQ
CPS,SME
CRAFTSMAN,EQ
CRAMC,EQ
CRAYONS,SME
CREATIVEYE,EQ
CREDITACC,EQ
CREST,EQ
CRISIL,EQ
CRIZAC,EQ
CROMPTON,EQ
CROWN,EQ
CSBBANK,EQ
CSLFINANCE,EQ
CSSL,SME
CTE,EQ
CUB,EQ
CUBEXTUB,EQ
CUDML,SME
CUMMINSIND,EQ
CUPID,EQ
CURAA,EQ
CURIS,SME
CURRENT,SME
CYBERMEDIA,EQ
CYBERTECH,EQ
CYIENT,EQ
CYIENTDLM,EQ
DABUR,EQ
DAICHI,EQ
DALBHARAT,EQ
DALMIASUG,EQ
DAMCAPITAL,EQ
DAMODARIND,EQ
DANGEE,EQ
DANISH,SME
DATAMATICS,EQ
DATAPATTNS,EQ
DAVANGERE,EQ
DBCORP,EQ
DBEIL,EQ
DBL,EQ
DBOL,EQ
DBREALTY,EQ
DBSTOCKBRO,EQ
DCAL,EQ
DCBBANK,EQ
DCCL,SME
DCG,SME
DCI,EQ
DCM,EQ
DCMFINSERV,EQ
DCMNVL,EQ
DCMSHRIRAM,EQ
DCMSIL,EQ
DCMSRIND,EQ
DCW,EQ
DCXINDIA,EQ
DDEVPLSTIK,EQ
DECCANCE,EQ
DECCANTRAN,SME
DECNGOLD,EQ
DEEDEV,EQ
DEEM,SME
DEEPAKFERT,EQ
DEEPAKNTR,EQ
DEEPINDS,EQ
DELAPLEX,SME
DELHIVERY,EQ
DELPHIFX,EQ
DELTACORP,EQ
DELTAMAGNT,EQ
DELTIC,SME
DEN,EQ
DENEERS,SME
DENORA,EQ
DENTA,EQ
DENTALKART,SME
DESTINY,SME
DEVIT,EQ
DEVX,EQ
DEVYANI,EQ
DGCONTENT,EQ
DHAMPURSUG,EQ
DHANBANK,EQ
DHANLAXMI,SME
DHANUKA,EQ
DHARARAIL,SME
DHARIWAL,SME
DHARMAJ,EQ
DHRUV,EQ
DHTL,SME
DHUNINV,EQ
DIACABS,EQ
DIAMINESQ,EQ
DIAMONDYD,EQ
DICIND,EQ
DIFFNKG,EQ
DIGIDRIVE,EQ
DIGIKORE,SME
DIGISPICE,EQ
DIGITIDE,EQ
DIGJAMLMTD,EQ
DIRL,SME
DISAQ,EQ
DISHTV,EQ
DIVGIITTS,EQ
DIVINEHIRA,SME
DIVISLAB,EQ
DIVYADHAN,SME
DIXON,EQ
DJML,EQ
DKEGL,SME
DLF,EQ
DLINKINDIA,EQ
DMART,EQ
DMCC,EQ
DNAMEDIA,EQ
DODLA,EQ
DOLATALGO,EQ
DOLLAR,EQ
DOLLEX,SME
DOLPHIN,EQ
DOMS,EQ
DONEAR,EQ
DPABHUSHAN,EQ
DPEL,SME
DPSCLTD,EQ
DPWIRES,EQ
DRAGARWQ,EQ
DRCSYSTEMS,EQ
DREAMFOLKS,EQ
DREDGECORP,EQ
DRONE,SME
DRREDDY,EQ
DRSCARGO,SME
DRSDILIP,SME
DSFCL,EQ
DSSL,EQ
DTIL,EQ
DTL,SME
DUCOL,SME
DUCON,EQ
DUGLOBAL,SME
DURLAX,SME
DVL,EQ
DWARKESH,EQ
DYCL,EQ
DYNAMATECH,EQ
DYNAMIC,SME
DYNPRO,EQ
E2E,EQ
E2ERAIL,SME
EASEMYTRIP,EQ
EASTSILK,EQ
EBGNG,EQ
ECLERX,EQ
ECOLINE,SME
ECOSMOBLTY,EQ
EDELWEISS,EQ
EEPL,SME
EFACTOR,SME
EFCIL,EQ
EFFWA,SME
EFORCE,SME
EICHERMOT,EQ
EIDPARRY,EQ
EIEL,EQ
EIFFL,EQ
EIHAHOTELS,EQ
EIHOTEL,EQ
EIMCOELECO,EQ
EKC,EQ
ELANTAS,EQ
ELCIDIN,EQ
ELDEHSG,EQ
ELECON,EQ
ELECTCAST,EQ
ELECTHERM,EQ
ELGIEQUIP,EQ
ELGIRUBCO,EQ
ELGNZ,SME
ELIN,EQ
ELITECON,EQ
ELLEN,EQ
ELPROINTL,EQ
EMAMILTD,EQ
EMAMIPAP,EQ
EMAMIREAL,EQ
EMAPARTNER,SME
EMBDL,EQ
EMCURE,EQ
EMIL,EQ
EMKAY,EQ
EMKAYTOOLS,SME
EMMBI,EQ
EMMIL,SME
EMMVEE,EQ
EMPOWER,EQ
EMSLIMITED,EQ
EMUDHRA,EQ
ENCOMPAS,SME
ENDURANCE,EQ
ENERGYDEV,EQ
ENFUSE,SME
ENGINERSIN,EQ
ENIL,EQ
ENRIN,EQ
ENSER,SME
ENTERO,EQ
ENVIRO,SME
EPACK,EQ
EPACKPEB,EQ
EPIGRAL,EQ
EPL,EQ
EPWINDIA,SME
EQUIPPP,EQ
EQUITASBNK,EQ
ERIS,EQ
ESABINDIA,EQ
ESAFSFB,EQ
ESCONET,SME
ESCORTS,EQ
ESFL,SME
ESPRIT,SME
ESSARSHPNG,EQ
ESSENTIA,EQ
ESTER,EQ
ETERNAL,EQ
ETHOSLTD,EQ
ETL,SME
ETML,SME
EUREKAFORB,EQ
EUROBOND,EQ
EUROPRATIK,EQ
EUROTEXIND,EQ
EVEREADY,EQ
EVERESTIND,EQ
EXCELINDUS,EQ
EXCELLENT,SME
EXCELSOFT,EQ
EXICOM,EQ
EXIDEIND,EQ
EXIMROUTES,SME
EXPLEOSOL,EQ
EXXARO,EQ
FABTECH,EQ
FACT,EQ
FAIRCHEMOR,EQ
FALCONTECH,SME
FAZE3Q,EQ
FCL,EQ
FCSSOFT,EQ
FDC,EQ
FEDDERSHOL,EQ
FEDERALBNK,EQ
FEDFINA,EQ
FEL,EQ
FELDVR,EQ
FELIX,SME
FERMENTA,EQ
FIBERWEB,EQ
FIDEL,SME
FIEMIND,EQ
FILATEX,EQ
FILATFASH,EQ
FINBUD,SME
FINCABLES,EQ
FINEORG,EQ
FINKURVE,EQ
FINOPB,EQ
FINPIPE,EQ
FIRSTCRY,EQ
FISCHER,EQ
FIVESTAR,EQ
FLAIR,EQ
FLEXITUFF,EQ
FLFL,EQ
FLUOROCHEM,EQ
FLYSBS,SME
FMGOETZE,EQ
FMNL,EQ
FOCE,SME
FOCUS,EQ
FONEBOX,SME
FOODSIN,EQ
FORCAS,SME
FORCEMOT,EQ
FORGEAUTO,SME
FORTIS,EQ
FOSECOIND,EQ
FRACTAL,EQ
FRESHARA,SME
FROG,SME
FRONTSP,EQ
FSL,EQ
FUSION,EQ
FWSTC,SME
GABRIEL,EQ
GAEL,EQ
GAIL,EQ
GAJANAND,SME
GALAPREC,EQ
GALAXYSURF,EQ
GALLANTT,EQ
GANDHAR,EQ
GANDHITUBE,EQ
GANECOS,EQ
GANESHBE,EQ
GANESHCP,EQ
GANESHHOU,EQ
GANESHIN,SME
GANGABATH,SME
GANGAFORGE,EQ
GANGESSECU,EQ
GARFIBRES,EQ
GARUDA,EQ
GATECH,EQ
GATECHDVR,EQ
GATEWAY,EQ
GAUDIUMIVF,EQ
GAYAHWS,EQ
GAYAPROJ,EQ
GCHOTELS,SME
GCSL,EQ
GEECEE,EQ
GEEKAYWIRE,EQ
GEMAROMA,EQ
GENCON,EQ
GENESYS,EQ
GENUSPAPER,EQ
GENUSPOWER,EQ
GEOJITFSL,EQ
GESHIP,EQ
GFLLIMITED,EQ
GGBL,SME
GHCL,EQ
GHCLTEXTIL,EQ
GICHSGFIN,EQ
GICL,EQ
GICRE,EQ
GILLANDERS,EQ
GILLETTE,EQ
GINNIFILA,EQ
GIPCL,EQ
GIRIRAJ,SME
GJL,SME
GKENERGY,EQ
GKSL,EQ
GKWLIMITED,EQ
GLAND,EQ
GLAXO,EQ
GLENMARK,EQ
GLFL,EQ
GLOBAL,EQ
GLOBALE,EQ
GLOBALPET,SME
GLOBALVECT,EQ
GLOBE,EQ
GLOBECIVIL,EQ
GLOBUSSPR,EQ
GLOSTERLTD,EQ
GLOTTIS,EQ
GMBREW,EQ
GMDCLTD,EQ
GML,SME
GMMPFAUDLR,EQ
GMRAIRPORT,EQ
GMRP&UI,EQ
GNA,EQ
GNFC,EQ
GNRL,EQ
GOACARBON,EQ
GOCLCORP,EQ
GOCOLORS,EQ
GODAVARIB,EQ
GODFRYPHLP,EQ
GODIGIT,EQ
GODREJAGRO,EQ
GODREJCP,EQ
GODREJIND,EQ
GODREJPROP,EQ
GOKEX,EQ
GOKUL,EQ
GOKULAGRO,EQ
GOLDENTOBC,EQ
GOLDIAM,EQ
GOLDKART,SME
GOLDSTAR,SME
GOLDTECH,EQ
GOODLUCK,EQ
GOODYEAR,EQ
GOPAL,EQ
GOYALALUM,EQ
GOYALSALT,SME
GPECO,SME
GPIL,EQ
GPPL,EQ
GPTHEALTH,EQ
GPTINFRA,EQ
GRADIENTE,EQ
GRANDOAK,EQ
GRANULES,EQ
GRAPHISAD,SME
GRAPHITE,EQ
GRASIM,EQ
GRAUWEIL,EQ
GRAVISSHO,EQ
GRAVITA,EQ
GRCL,SME
GREAVESCOT,EQ
GREENCHEF,SME
GREENLAM,EQ
GREENLEAF,SME
GREENPANEL,EQ
GREENPLY,EQ
GREENPOWER,EQ
GRETEX,SME
GRINDWELL,EQ
GRINFRA,EQ
GRMOVER,EQ
GROBTEA,EQ
GROWW,EQ
GRPLTD,EQ
GRSE,EQ
GRWRHITECH,EQ
GSFC,EQ
GSLSU,EQ
GSMFOILS,SME
GSPCROP,EQ
GSPL,EQ
GSS,EQ
GSTL,SME
GTECJAINX,EQ
GTL,EQ
GTLINFRA,EQ
GTPL,EQ
GUFICBIO,EQ
GUJALKALI,EQ
GUJAPOLLO,EQ
GUJGASLTD,EQ
GUJRAFFIA,EQ
GUJTHEM,EQ
GULFOILLUB,EQ
GULFPETRO,EQ
GULPOLY,EQ
GURUNANAK,SME
GVKPIL,EQ
GVPIL,EQ
GVPTECH,EQ
GVT&D,EQ
HAL,EQ
HALDER,EQ
HALDYNGL,EQ
HALEOSLABS,EQ
HAPPSTMNDS,EQ
HAPPYFORGE,EQ
HARDWYN,EQ
HARIOMPIPE,EQ
HARRMALAYA,EQ
HARSHA,EQ
HATHWAY,EQ
HATSUN,EQ
HAVELLS,EQ
HAVISHA,EQ
HAWKINCOOK,EQ
HBESD,EQ
HBLENGINE,EQ
HBSL,EQ
HCC,EQ
HCG,EQ
HCL-INSYS,EQ
HCLTECH,EQ
HDBFS,EQ
HDFCAMC,EQ
HDFCBANK,EQ
HDFCLIFE,EQ
HDIL,EQ
HEADSUP,EQ
HEALTHX,EQ
HECPROJECT,EQ
HEG,EQ
HEIDELBERG,EQ
HEMIPROP,EQ
HERANBA,EQ
HERITGFOOD,EQ
HEROMOTOCO,EQ
HESTERBIO,EQ
HEXATRADEX,EQ
HEXT,EQ
HFCL,EQ
HGINFRA,EQ
HGM,EQ
HGS,EQ
HIGREEN,SME
HIKAL,EQ
HILINFRA,EQ
HILTON,EQ
HIMATSEIDE,EQ
HINDALCO,EQ
HINDCOMPOS,EQ
HINDCON,EQ
HINDCOPPER,EQ
HINDOILEXP,EQ
HINDPETRO,EQ
HINDUNILVR,EQ
HINDWAREAP,EQ
HINDZINC,EQ
HIRECT,EQ
HISARMETAL,EQ
HITECH,EQ
HITECHCORP,EQ
HITECHGEAR,EQ
HLEGLAS,EQ
HLVLTD,EQ
HMAAGRO,EQ
HMT,EQ
HMVL,EQ
HNDFDS,EQ
HOACFOODS,SME
HOLMARC,SME
HOMEFIRST,EQ
HOMESFY,SME
HONASA,EQ
HONAUT,EQ
HONDAPOWER,EQ
HPAL,EQ
HPIL,EQ
HPL,EQ
HPTL,SME
HRHNEXT,SME
HSCL,EQ
HTMEDIA,EQ
HUBTOWN,EQ
HUDCO,EQ
HUHTAMAKI,EQ
HVAX,SME
HYBRIDFIN,EQ
HYUNDAI,EQ
IBLFL,SME
IBULLSLTD,EQ
ICDSLTD,EQ
ICEMAKE,EQ
ICICIAMC,EQ
ICICIBANK,EQ
ICICIGI,EQ
ICICIPRULI,EQ
ICIL,EQ
ICRA,EQ
IDBI,EQ
IDEA,EQ
IDEAFORGE,EQ
IDEALTECHO,SME
IDENTICAL,SME
IDFCFIRSTB,EQ
IEML,SME
IEX,EQ
IFBAGRO,EQ
IFBIND,EQ
IFCI,EQ
IFGLEXPOR,EQ
IGARASHI,EQ
IGCL,EQ
IGIL,EQ
IGL,EQ
IGPL,EQ
IIFL,EQ
IIFLCAPS,EQ
IITL,EQ
IKIO,EQ
IKS,EQ
IL&FSENGG,EQ
IL&FSTRANS,EQ
IMAGICAA,EQ
IMFA,EQ
IMPAL,EQ
IMPEXFERRO,EQ
INA,EQ
INCREDIBLE,EQ
INDBANK,EQ
INDGN,EQ
INDHOTEL,EQ
INDIACEM,EQ
INDIAGLYCO,EQ
INDIAMART,EQ
INDIANB,EQ
INDIANCARD,EQ
INDIANHUME,EQ
INDIASHLTR,EQ
INDIFRA,SME
INDIGO,EQ
INDIGOPNTS,EQ
INDIQUBE,EQ
INDNIPPON,EQ
INDOAMIN,EQ
INDOBORAX,EQ
INDOCO,EQ
INDOFARM,EQ
INDORAMA,EQ
INDOSTAR,EQ
INDOTECH,EQ
INDOTHAI,EQ
INDOUS,EQ
INDOWIND,EQ
INDPRUD,EQ
INDRAMEDCO,EQ
INDSWFTLAB,EQ
INDTERRAIN,EQ
INDUSINDBK,EQ
INDUSTOWER,EQ
INFINIUM,SME
INFLUX,SME
INFOBEAN,EQ
INFOLLION,SME
INFOMEDIA,EQ
INFY,EQ
INGERRAND,EQ
INM,SME
INNOMET,SME
INNOVACAP,EQ
INNOVANA,EQ
INNOVISION,EQ
INOXGREEN,EQ
INOXINDIA,EQ
INOXWIND,EQ
INSECTICID,EQ
INSPIRE,SME
INSPIRISYS,EQ
INTEGRITY,SME
INTELLECT,EQ
INTENTECH,EQ
INTERARCH,EQ
INTLCONV,EQ
INVENTURE,EQ
INVICTA,SME
INVPRECQ,EQ
IOB,EQ
IOC,EQ
IOLCP,EQ
IONEXCHANG,EQ
IPCALAB,EQ
IPHL,SME
IPL,EQ
IPSL,SME
IRB,EQ
IRCON,EQ
IRCTC,EQ
IREDA,EQ
IRFC,EQ
IRIS,EQ
IRISDOREME,EQ
IRMENERGY,EQ
ISFT,EQ
ISGEC,EQ
ISHAN,SME
ISHANCH,EQ
ITALIANE,SME
ITC,EQ
ITCHOTELS,EQ
ITDC,EQ
ITI,EQ
ITTL,SME
IVALUE,EQ
IVC,EQ
IVP,EQ
IWARE,SME
IWP,EQ
IXIGO,EQ
IZMO,EQ
J&KBANK,EQ
JAGRAN,EQ
JAGSNPHARM,EQ
JAIBALAJI,EQ
JAICORPLTD,EQ
JAINAM,SME
JAINIK,SME
JAINREC,EQ
JAIPURKURT,EQ
JAKHARIA,SME
JALAN,SME
JAMNAAUTO,EQ
JARO,EQ
JASH,EQ
JAYAGROGN,EQ
JAYBARMARU,EQ
JAYBEE,SME
JAYESH,SME
JAYKAY,EQ
JAYNECOIND,EQ
JAYSREETEA,EQ
JBCHEPHARM,EQ
JBMA,EQ
JETFREIGHT,EQ
JETKNIT,SME
JEYYAM,SME
JFLLIFE,SME
JGCHEM,EQ
JHS,EQ
JINDALPHOT,EQ
JINDALPOLY,EQ
JINDALSAW,EQ
JINDALSTEL,EQ
JINDRILL,EQ
JINDWORLD,EQ
JIOFIN,EQ
JISLDVREQS,EQ
JISLJALEQS,EQ
JITFINFRA,EQ
JIWANRAM,SME
JKCEMENT,EQ
JKIL,EQ
JKIPL,EQ
JKLAKSHMI,EQ
JKPAPER,EQ
JKTYRE,EQ
JLHL,EQ
JMA,EQ
JMFINANCIL,EQ
JNKINDIA,EQ
JOCIL,EQ
JPOLYINVST,EQ
JPPOWER,EQ
JSFB,EQ
JSL,EQ
JSLL,EQ
JSWCEMENT,EQ
JSWDULUX,EQ
JSWENERGY,EQ
JSWHL,EQ
JSWINFRA,EQ
JSWSTEEL,EQ
JTEKTINDIA,EQ
JTLIND,EQ
JUBLCPL,EQ
JUBLFOOD,EQ
JUBLINGREA,EQ
JUBLPHARMA,EQ
JUNIPER,EQ
JUSTDIAL,EQ
JWL,EQ
JYOTHYLAB,EQ
JYOTICNC,EQ
JYOTIGLOBL,SME
JYOTISTRUC,EQ
K2INFRA,SME
KABRAEXTRU,EQ
KAJARIACER,EQ
KAKATCEM,EQ
KALAMANDIR,EQ
KALANA,SME
KALPATARU,EQ
KALYANI,EQ
KALYANIFRG,EQ
KALYANKJIL,EQ
KAMAHOLD,EQ
KAMATHOTEL,EQ
KAMDHENU,EQ
KAMOPAINTS,EQ
KANANIIND,EQ
KANCHI,EQ
KANDARP,SME
KANORICHEM,EQ
KANPRPLA,EQ
KANSAINER,EQ
KAPSTON,EQ
KARMAENG,EQ
KARNIKA,SME
KARURVYSYA,EQ
KATARIA,SME
KAUSHALYA,EQ
KAVDEFENCE,EQ
KAYA,EQ
KAYNES,EQ
KAYTEX,SME
KCEIL,SME
KCK,SME
KCP,EQ
KCPSUGIND,EQ
KDDL,EQ
KDL,SME
KEC,EQ
KECL,EQ
KEEPLEARN,EQ
KEI,EQ
KEL,SME
KELLTONTEC,EQ
KEN,SME
KENNAMET,EQ
KERNEX,EQ
KESORAMIND,EQ
KEYFINSERV,EQ
KFINTECH,EQ
KHADIM,EQ
KHAICHEM,EQ
KHAITANLTD,EQ
KHANDSE,EQ
KHFM,SME
KICL,EQ
KILITCH,EQ
KIMS,EQ
KINGFA,EQ
KIOCL,EQ
KIRANVYPAR,EQ
KIRIINDUS,EQ
KIRLFER,EQ
KIRLOSBROS,EQ
KIRLOSENG,EQ
KIRLOSIND,EQ
KIRLPNU,EQ
KISSHT,EQ
KITEX,EQ
KKCL,EQ
KKJEWELS,SME
KKVAPOW,SME
KLBRENG-B,EQ
KLL,SME
KMEW,EQ
KMSUGAR,EQ
KNAGRI,EQ
KNRCON,EQ
KODYTECH,SME
KOHINOOR,EQ
KOKUYOCMLN,EQ
KOLTEPATIL,EQ
KONSTELEC,SME
KONTOR,SME
KOPRAN,EQ
KORE,SME
KOTAKBANK,EQ
KOTARISUG,EQ
KOTHARIPET,EQ
KOTHARIPRO,EQ
KOTIC,EQ
KOTYARK,EQ
KOVAI,EQ
KPEL,EQ
KPIGREEN,EQ
KPIL,EQ
KPITTECH,EQ
KPL,EQ
KPRMILL,EQ
KRBL,EQ
KREBSBIO,EQ
KRIDHANINF,EQ
KRISHANA,EQ
KRISHCA,SME
KRISHIVAL,EQ
KRISHNADEF,EQ
KRITI,EQ
KRITIKA,EQ
KRITINUT,EQ
KRMAYURVED,SME
KRN,EQ
KRONOX,EQ
KROSS,EQ
KRSNAA,EQ
KRYSTAL,EQ
KSB,EQ
KSCL,EQ
KSHINTL,EQ
KSHITIJPOL,EQ
KSL,EQ
KSOLVES,EQ
KSR,EQ
KTKBANK,EQ
KUANTUM,EQ
KWIL,EQ
LAGNAM,EQ
LAHOTIOV,EQ
LAKPRE,EQ
LAKSHYA,SME
LAL,EQ
LALPATHLAB,EQ
LAMBODHARA,EQ
LAMOSAIC,SME
LANCORHOL,EQ
LANDMARK,EQ
LANDSMILL,EQ
LAOPALA,EQ
LASA,EQ
LATENTVIEW,EQ
LATTEYS,EQ
LAURUSLABS,EQ
LAXMICOT,EQ
LAXMIDENTL,EQ
LAXMIINDIA,EQ
LCCINFOTEC,EQ
LEMERITE,EQ
LEMONTREE,EQ
LENSKART,EQ
LEXUS,EQ
LFIC,EQ
LGBBROSLTD,EQ
LGEINDIA,EQ
LGHL,EQ
LIBAS,EQ
LIBERTSHOE,EQ
LICHSGFIN,EQ
LICI,EQ
LIKHITHA,EQ
LINC,EQ
LINCOLN,EQ
LINDEINDIA,EQ
LLOYDS,SME
LLOYDSENGG,EQ
LLOYDSENT,EQ
LLOYDSME,EQ
LMW,EQ
LODHA,EQ
LOKESHMACH,EQ
LORDSCHLO,EQ
LOTUSDEV,EQ
LOTUSEYE,EQ
LOVABLE,EQ
LOYALTEX,EQ
LPDC,EQ
LRRPL,SME
LT,EQ
LTF,EQ
LTFOODS,EQ
LTM,EQ
LTTS,EQ
LUMAXIND,EQ
LUMAXTECH,EQ
LUPIN,EQ
LUXIND,EQ
LXCHEM,EQ
LYKALABS,EQ
LYPSAGEMS,EQ
M&M,EQ
M&MFIN,EQ
MAANALU,EQ
MACOBSTECH,SME
MACPOWER,EQ
MADHAV,EQ
MADHAVBAUG,SME
MADHAVIPL,EQ
MADHUCON,EQ
MADHUSUDAN,SME
MADRASFERT,EQ
MAFATIND,EQ
MAGADSUGAR,EQ
MAGNUM,EQ
MAGSON,SME
MAHABANK,EQ
MAHAPEXLTD,EQ
MAHASTEEL,EQ
MAHEPC,EQ
MAHESHWARI,EQ
MAHICKRA,SME
MAHLIFE,EQ
MAHLOG,EQ
MAHSCOOTER,EQ
MAHSEAMLES,EQ
MAITHANALL,EQ
MAITREYA,SME
MAJESAUT,EQ
MAKS,SME
MAL,SME
MALLCOM,EQ
MALUPAPER,EQ
MAMATA,EQ
MANAKALUCO,EQ
MANAKCOAT,EQ
MANAKSIA,EQ
MANAKSTEEL,EQ
MANALIPETC,EQ
MANAPPURAM,EQ
MANAV,SME
MANBA,EQ
MANCREDIT,EQ
MANDEEP,SME
MANGALAM,EQ
MANGLMCEM,EQ
MANILAM,SME
MANINDS,EQ
MANINFRA,EQ
MANKIND,EQ
MANOMAY,EQ
MANORAMA,EQ
MANORG,EQ
MANUGRAPH,EQ
MANYAVAR,EQ
MAPMYINDIA,EQ
MARALOVER,EQ
MARATHON,EQ
MARC,SME
MARCO,SME
MARICO,EQ
MARINE,EQ
MARINETRAN,SME
MARKOLINES,EQ
MARKSANS,EQ
MARSONS,EQ
MARUSHIKA,SME
MARUTI,EQ
MASFIN,EQ
MASKINVEST,EQ
MASON,SME
MASTEK,EQ
MASTER,SME
MASTERTR,EQ
MATRIMONY,EQ
MAWANASUG,EQ
MAXESTATES,EQ
MAXHEALTH,EQ
MAXIND,EQ
MAXPOSURE,SME
MAXVOLT,SME
MAYASHEEL,SME
MAYURUNIQ,EQ
MAZDA,EQ
MAZDOCK,EQ
MBAPL,EQ
MBEL,EQ
MBLINFRA,EQ
MCCHRLS-B,EQ
MCL,EQ
MCLEODRUSS,EQ
MCLOUD,EQ
MCON,SME
MCX,EQ
MDL,SME
MEDANTA,EQ
MEDIASSIST,EQ
MEDICAMEQ,EQ
MEDICO,EQ
MEDIORG,SME
MEDISTEP,SME
MEDPLUS,EQ
MEESHO,EQ
MEGAFLEX,SME
MEGASTAR,EQ
MEGATHERM,SME
MEIL,EQ
MENNPIS,EQ
MENONBE,EQ
MEP,EQ
MERCANTILE,EQ
METROBRAND,EQ
METROGLOBL,EQ
METROPOLIS,EQ
MFML,EQ
MFSL,EQ
MGEL,EQ
MGL,EQ
MGSL,SME
MHHL,SME
MHLXMIRU,EQ
MHRIL,EQ
MICEL,EQ
MICROPRO,SME
MIDHANI,EQ
MIDWESTLTD,EQ
MIEL,SME
MILTON,SME
MINDACORP,EQ
MINDPOOL,SME
MINDTECK,EQ
MIRCELECTR,EQ
MIRZAINT,EQ
MITCON,EQ
MITTAL,EQ
MKPL,EQ
MMEL,SME
MMFL,EQ
MMP,EQ
MMTC,EQ
MMWL,EQ
MOBIKWIK,EQ
MOBILISE,SME
MODINATUR,EQ
MODIRUBBER,EQ
MODIS,EQ
MODISONLTD,EQ
MODTHREAD,EQ
MOHITIND,EQ
MOIL,EQ
MOKSH,EQ
MOL,EQ
MOLDTECH,EQ
MOLDTKPAC,EQ
MONARCH,EQ
MONEYBOXX,EQ
MONOLITH,SME
MONOPHARMA,SME
MONTECARLO,EQ
MOREPENLAB,EQ
MOS,SME
MOSCHIP,EQ
MOTHERSON,EQ
MOTILALOFS,EQ
MOTISONS,EQ
MOTOGENFIN,EQ
MOXSH,SME
MPEL,SME
MPHASIS,EQ
MPSLTD,EQ
MPTODAY,SME
MRF,EQ
MRIL,SME
MRPL,EQ
MSPL,EQ
MSTCLTD,EQ
MSUMI,EQ
MTARTECH,EQ
MTEDUCARE,EQ
MTNL,EQ
MUFIN,EQ
MUFTI,EQ
MUKANDLTD,EQ
MUKKA,EQ
MUKTAARTS,EQ
MUNISH,SME
MUNJALAU,EQ
MUNJALSHOW,EQ
MURUDCERA,EQ
MUTHOOTCAP,EQ
MUTHOOTFIN,EQ
MUTHOOTMF,EQ
MVGJL,EQ
MVKAGRO,SME
MWL,EQ
MYMUDRA,SME
NACLIND,EQ
NAGAFERT,EQ
NAGREEKCAP,EQ
NAGREEKEXP,EQ
NAHARCAP,EQ
NAHARINDUS,EQ
NAHARPOLY,EQ
NAHARSPING,EQ
NAM-INDIA,EQ
NAMAN,SME
NAMOEWASTE,SME
NARMADA,EQ
NATCAPSUQ,EQ
NATCOPHARM,EQ
NATHBIOGEN,EQ
NATIONALUM,EQ
NATIONSTD,EQ
NAUKRI,EQ
NAVA,EQ
NAVINFLUOR,EQ
NAVKARCORP,EQ
NAVKARURB,EQ
NAVNETEDUL,EQ
NAZARA,EQ
NBCC,EQ
NBIFIN,EQ
NCC,EQ
NCLIND,EQ
NDGL,EQ
NDL,EQ
NDLVENTURE,EQ
NDRAUTO,EQ
NDTV,EQ
NEAGI,EQ
NECCLTD,EQ
NECLIFE,EQ
NEELAM,SME
NELCAST,EQ
NELCO,EQ
NEOCHEM,SME
NEOGEN,EQ
NEPHROCARE,SME
NEPHROPLUS,EQ
NEPTUNE,SME
NESCO,EQ
NESTLEIND,EQ
NETWEB,EQ
NETWORK18,EQ
NEUEON,EQ
NEULANDLAB,EQ
NEWGEN,EQ
NEWJAISA,SME
NEXTMEDIA,EQ
NFL,EQ
NGIL,EQ
NGLFINE,EQ
NH,EQ
NHPC,EQ
NIACL,EQ
NIBE,EQ
NIBL,EQ
NIDAN,SME
NIITLTD,EQ
NIITMTS,EQ
NIKITA,SME
NILAINFRA,EQ
NILASPACES,EQ
NILE,EQ
NILKAMAL,EQ
NIMBSPROJ,EQ
NINSYS,EQ
NIPPOBATRY,EQ
NIRAJ,EQ
NIRAJISPAT,EQ
NIRLON,EQ
NIRMAN,SME
NITCO,EQ
NITINSPIN,EQ
NITIRAJ,EQ
NITTAGELA,EQ
NIVABUPA,EQ
NKIND,EQ
NLCINDIA,EQ
NMDC,EQ
NMSTEEL,SME
NOCIL,EQ
NOIDATOLL,EQ
NORBTEAEXP,EQ
NORTHARC,EQ
NOVAAGRI,EQ
NOVARTIND,EQ
NPST,EQ
NRAIL,EQ
NRBBEARING,EQ
NRL,EQ
NRVANDANA,SME
NSIL,EQ
NSLNISP,EQ
NTPC,EQ
NTPCGREEN,EQ
NUCLEUS,EQ
NURECA,EQ
NUVAMA,EQ
NUVOCO,EQ
NYKAA,EQ
OAL,EQ
OBCL,EQ
OBEROIRLTY,EQ
OBSCP,SME
OCCLLTD,EQ
ODIGMA,EQ
OFSS,EQ
OIL,EQ
OILCOUNTUB,EQ
OLAELEC,EQ
OLECTRA,EQ
OLIL,SME
OMAXAUTO,EQ
OMAXE,EQ
OMFREIGHT,EQ
OMFURN,SME
OMINFRAL,EQ
OMNI,EQ
OMPOWER,EQ
ONDOOR,SME
ONELIFECAP,EQ
ONEPOINT,EQ
ONESOURCE,EQ
ONGC,EQ
ONMOBILE,EQ
ONWARDTEC,EQ
ONYX,SME
OPTIEMUS,EQ
OPTIVALUE,SME
ORBTEXP,EQ
ORCHASP,EQ
ORCHPHARMA,EQ
ORIANA,SME
ORICONENT,EQ
ORIENTALTL,EQ
ORIENTBELL,EQ
ORIENTCEM,EQ
ORIENTCER,EQ
ORIENTELEC,EQ
ORIENTHOT,EQ
ORIENTLTD,EQ
ORIENTPPR,EQ
ORIENTTECH,EQ
ORISSAMINE,EQ
ORKLAINDIA,EQ
ORTEL,EQ
ORTINGLOBE,EQ
OSELDEVICE,SME
OSIAHYPER,EQ
OSWALAGRO,EQ
OSWALGREEN,EQ
OSWALPUMPS,EQ
OSWALSEEDS,EQ
OWAIS,SME
PACEDIGITK,EQ
PAGEIND,EQ
PAISALO,EQ
PAKKA,EQ
PALASHSECU,EQ
PALREDTEC,EQ
PANACEABIO,EQ
PANACHE,EQ
PANAMAPET,EQ
PANSARI,EQ
PAR,EQ
PARACABLES,EQ
PARADEEP,EQ
PARAGMILK,EQ
PARAGON,SME
PARAMATRIX,SME
PARAMOUNT,SME
PARAMPARA,SME
PARAS,EQ
PARASPETRO,EQ
PARIN,SME
PARKHOSPS,EQ
PARKHOTELS,EQ
PARSVNATH,EQ
PARTH,SME
PARTYCRUS,SME
PASHUPATI,EQ
PASUPTAC,EQ
PATANJALI,EQ
PATELENG,EQ
PATELRMART,EQ
PATILAUTOM,SME
PATINTLOG,EQ
PATTECH,SME
PAUSHAKLTD,EQ
PAVNAIND,EQ
PAYTM,EQ
PCBL,EQ
PCCL,SME
PCJEWELLER,EQ
PDMJEPAPER,EQ
PDSL,EQ
PEARLPOLY,EQ
PELATRO,SME
PENIND,EQ
PENINLAND,EQ
PENTAGON,SME
PERSISTENT,EQ
PETRONET,EQ
PFC,EQ
PFIZER,EQ
PFOCUS,EQ
PFS,EQ
PGEL,EQ
PGHH,EQ
PGHL,EQ
PGIL,EQ
PHANTOMFX,SME
PHOENIXLTD,EQ
PHOGLOBAL,SME
PICCADIL,EQ
PIDILITIND,EQ
PIGL,EQ
PIIND,EQ
PILANIINVS,EQ
PILITA,EQ
PINELABS,EQ
PIONEEREMB,EQ
PIONRINV,EQ
PIRAMALFIN,EQ
PITTIENG,EQ
PIXTRANS,EQ
PKTEA,EQ
PLADAINFO,SME
PLASTIBLEN,EQ
PLATIND,EQ
PLAZACABLE,EQ
PML,EQ
PNB,EQ
PNBGILTS,EQ
PNBHOUSING,EQ
PNC,EQ
PNCINFRA,EQ
PNGJL,EQ
PNGSREVA,EQ
POCL,EQ
PODDARMENT,EQ
POKARNA,EQ
POLICYBZR,EQ
POLYCAB,EQ
POLYMED,EQ
POLYPLEX,EQ
POLYSIL,SME
PONNIERODE,EQ
POONAWALLA,EQ
POSITRON,SME
POWERGRID,EQ
POWERICA,EQ
POWERINDIA,EQ
POWERMECH,EQ
PPAP,EQ
PPL,EQ
PPLPHARMA,EQ
PPSL,SME
PRABHA,EQ
PRADPME,EQ
PRAENG,EQ
PRAJIND,EQ
PRAKASH,EQ
PRAKASHSTL,EQ
PRAMARA,SME
PRANIK,SME
PRATHAM,SME
PRAVEG,EQ
PRAXIS,EQ
PRECAM,EQ
PRECISION,SME
PRECOT,EQ
PRECWIRE,EQ
PREMCO,EQ
PREMEXPLN,EQ
PREMIER,EQ
PREMIERENE,EQ
PREMIERPOL,EQ
PREMIUM,SME
PRESSTONIC,SME
PRESTIGE,EQ
PRICOLLTD,EQ
PRIMECAB,SME
PRIMESECU,EQ
PRIMO,EQ
PRINCEPIPE,EQ
PRITI,EQ
PRITIKA,SME
PRITIKAUTO,EQ
PRIVISCL,EQ
PRIZOR,SME
PRLIND,SME
PROFX,SME
PROLIFE,SME
PROPEQUITY,SME
PROSTARM,EQ
PROTEAN,EQ
PROV,SME
PROZONER,EQ
PRSMJOHNSN,EQ
PRUDENT,EQ
PRUDMOULI,EQ
PSB,EQ
PSFL,SME
PSPPROJECT,EQ
PSRAJ,SME
PTC,EQ
PTCIL,EQ
PTL,EQ
PULZ,SME
PUNJABCHEM,EQ
PURPLEUTED,SME
PURVA,EQ
PURVFLEXI,SME
PUSHPA,SME
PVP,EQ
PVRINOX,EQ
PVSL,EQ
PWL,EQ
PYRAMID,EQ
QFIL,SME
QMSMEDI,SME
QPOWER,EQ
QUADFUTURE,EQ
QUADPRO,SME
QUESS,EQ
QUESTLAB,SME
QUICKHEAL,EQ
QUICKTOUCH,SME
QUINT,EQ
QVCEL,SME
RACE,EQ
RACLGEAR,EQ
RADAAN,EQ
RADHIKAJWE,EQ
RADIANTCMS,EQ
RADICO,EQ
RADIOCITY,EQ
RADIOWALLA,SME
RAILTEL,EQ
RAIN,EQ
RAINBOW,EQ
RAJESHEXPO,EQ
RAJINDLTD,SME
RAJMET,EQ
RAJOOENG,EQ
RAJPALAYAM,EQ
RAJPUTANA,SME
RAJRATAN,EQ
RAJRILTD,EQ
RAJSREESUG,EQ
RAJTV,EQ
RALLIS,EQ
RAMANEWS,EQ
RAMAPHO,EQ
RAMASTEEL,EQ
RAMCOCEM,EQ
RAMCOIND,EQ
RAMCOSYS,EQ
RAMKY,EQ
RAMRAT,EQ
RANASUG,EQ
RANEHOLDIN,EQ
RAPIDFLEET,SME
RAPPID,SME
RATEGAIN,EQ
RATNAMANI,EQ
RATNAVEER,EQ
RAYMOND,EQ
RAYMONDLSL,EQ
RAYMONDREL,EQ
RBA,EQ
RBLBANK,EQ
RBMINFRA,SME
RBS,SME
RBZJEWEL,EQ
RCDL,SME
RCF,EQ
RCOM,EQ
READYMIX,SME
RECLTD,EQ
REDINGTON,EQ
REDTAPE,EQ
REFEX,EQ
REFRACTORY,SME
REGAAL,EQ
REGENCERAM,EQ
RELAXO,EQ
RELCHEMQ,EQ
RELIABLE,EQ
RELIANCE,EQ
RELIGARE,EQ
RELTD,EQ
REMSONSIND,EQ
REMUS,SME
RENUKA,EQ
REPCOHOME,EQ
REPL,EQ
REPRO,EQ
RESPONIND,EQ
RETAIL,EQ
REXPIPES,SME
REXPRO,SME
RGL,EQ
RHETAN,EQ
RHFL,EQ
RHIM,EQ
RHL,EQ
RICHA,SME
RICOAUTO,EQ
RIIL,EQ
RILINFRA,SME
RISHABH,EQ
RITCO,EQ
RITES,EQ
RITEZONE,SME
RKDL,EQ
RKEC,EQ
RKFORGE,EQ
RKSWAMY,EQ
RMC,EQ
RMDRIP,EQ
RML,EQ
RNBDENIMS,EQ
RNFI,SME
RNPL,SME
ROCKINGDCE,SME
ROHLTD,EQ
ROLEXRINGS,EQ
ROLLT,EQ
ROML,EQ
ROSSARI,EQ
ROSSELLIND,EQ
ROSSTECH,EQ
ROTO,EQ
ROUTE,EQ
ROXHITECH,SME
ROYALARC,SME
RPEL,EQ
RPGLIFE,EQ
RPOWER,EQ
RPPINFRA,EQ
RPPL,EQ
RPSGVENT,EQ
RPTECH,EQ
RRIL,EQ
RRKABEL,EQ
RSDFIN,EQ
RSL,EQ
RSSOFTWARE,EQ
RSWM,EQ
RSYSTEMS,EQ
RTL,SME
RTNINDIA,EQ
RTNPOWER,EQ
RUBFILA,EQ
RUBICON,EQ
RUBYMILLS,EQ
RUCHINFRA,EQ
RUCHIRA,EQ
RUDRA,EQ
RULKA,SME
RUPA,EQ
RUSHIL,EQ
RUSTOMJEE,EQ
RVHL,EQ
RVNL,EQ
RVTH,EQ
S&SPOWER,EQ
SAAKSHI,SME
SAATVIKGL,EQ
SABAR,SME
SACHEEROME,SME
SADBHAV,EQ
SADBHIN,EQ
SADHAV,SME
SADHNANIQ,EQ
SAFARI,EQ
SAFEENTP,SME
SAGARDEEP,EQ
SAGCEM,EQ
SAGILITY,EQ
SAHAJSOLAR,SME
SAHANA,SME
SAHASRA,SME
SAHLIBHFI,EQ
SAHYADRI,EQ
SAIFL,SME
SAIL,EQ
SAILIFE,EQ
SAIPARENT,EQ
SAJHOTELS,SME
SAKAR,EQ
SAKHTISUG,EQ
SAKSOFT,EQ
SAKUMA,EQ
SALASAR,EQ
SALONA,EQ
SALSTEEL,EQ
SALZERELEC,EQ
SAMAY,SME
SAMBHAAV,EQ
SAMBHV,EQ
SAMHI,EQ
SAMMAANCAP,EQ
SAMPANN,EQ
SANATHAN,EQ
SANCO,EQ
SANDESH,EQ
SANDHAR,EQ
SANDUMA,EQ
SANGAMIND,EQ
SANGANI,SME
SANGHVIMOV,EQ
SANGINITA,EQ
SANOFI,EQ
SANOFICONR,EQ
SANSERA,EQ
SANSTAR,EQ
SANWARIA,EQ
SAPPHIRE,EQ
SAPPL,EQ
SARDAEN,EQ
SAREGAMA,EQ
SARLAPOLY,EQ
SAROJA,SME
SARTELE,SME
SARVESHWAR,EQ
SASKEN,EQ
SATECH,SME
SATIA,EQ
SATIN,EQ
SATIPOLY,SME
SATKARTAR,SME
SATTVAENGG,SME
SAURASHCEM,EQ
SAVY,SME
SAWALIYA,SME
SAYAJIHOTL,EQ
SBC,EQ
SBCL,EQ
SBFC,EQ
SBGLP,EQ
SBICARD,EQ
SBILIFE,EQ
SBIN,EQ
SCANSTL,EQ
SCHAEFFLER,EQ
SCHAND,EQ
SCHNEIDER,EQ
SCI,EQ
SCILAL,EQ
SCML,SME
SCODATUBES,EQ
SCPL,EQ
SDBL,EQ
SDREAMS,SME
SEAMECLTD,EQ
SECMARK,EQ
SECURKLOUD,EQ
SEDEMAC,EQ
SEIL,EQ
SEJALLTD,EQ
SEL,SME
SELLOWRAP,SME
SELMC,EQ
SEMAC,EQ
SENCO,EQ
SENORES,EQ
SEPC,EQ
SERVICE,SME
SERVOTECH,EQ
SESHAPAPER,EQ
SETCO,EQ
SETL,EQ
SEYAIND,EQ
SFL,EQ
SFML,SME
SGFIN,EQ
SGIL,EQ
SGL,EQ
SGMART,EQ
SHADOWFAX,EQ
SHAH,EQ
SHAHALLOYS,EQ
SHAILY,EQ
SHAIVAL,SME
SHAKTIPUMP,EQ
SHALBY,EQ
SHALPAINTS,EQ
SHANKARA,EQ
SHANTHALA,SME
SHANTI,EQ
SHANTIGEAR,EQ
SHANTIGOLD,EQ
SHARDACROP,EQ
SHARDAMOTR,EQ
SHARDUL,EQ
SHAREINDIA,EQ
SHBAJRG,EQ
SHEEL,SME
SHEETAL,SME
SHEKHAWATI,EQ
SHEMAROO,EQ
SHERA,SME
SHETHJI,SME
SHIGAN,SME
SHILCTECH,EQ
SHILPAMED,EQ
SHINDL,EQ
SHIVALIK,EQ
SHIVAMAUTO,EQ
SHIVAMILLS,EQ
SHIVASHRIT,SME
SHIVATEX,EQ
SHIVAUM,EQ
SHK,EQ
SHKSIL,SME
SHOPERSTOP,EQ
SHRADHA,EQ
SHREDIGCEM,EQ
SHREECEM,EQ
SHREEJISPG,EQ
SHREEKARNI,SME
SHREEOSFM,SME
SHREEPUSHK,EQ
SHREERAMA,EQ
SHRENIK,EQ
SHREYANIND,EQ
SHRIAHIMSA,SME
SHRIKANHA,SME
SHRIKRISH,EQ
SHRINGARMS,EQ
SHRIPISTON,EQ
SHRIRAMFIN,EQ
SHRIRAMPPS,EQ
SHRITECH,SME
SHUBHLAXMI,SME
SHUBHSHREE,SME
SHYAMCENT,EQ
SHYAMDHANI,SME
SHYAMMETL,EQ
SHYAMTEL,EQ
SICAGEN,EQ
SICALLOG,EQ
SIDDHICOTS,SME
SIDDHIKA,SME
SIEMENS,EQ
SIGACHI,EQ
SIGIND,EQ
SIGMA,EQ
SIGMAADV,EQ
SIGNATURE,EQ
SIGNORIA,SME
SIGNPOST,EQ
SIKA,EQ
SIKKO,EQ
SIL,EQ
SILGO,EQ
SILINV,EQ
SILKFLEX,SME
SILKY,SME
SILLYMONKS,EQ
SILVERTUC,EQ
SIMPLEXINF,EQ
SINCLAIR,EQ
SINDHUTRAD,EQ
SINGERIND,EQ
SINTERCOM,EQ
SIRCA,EQ
SIS,EQ
SITINET,EQ
SIYSIL,EQ
SJLOGISTIC,SME
SJS,EQ
SJVN,EQ
SKFINDIA,EQ
SKFINDUS,EQ
SKIPPER,EQ
SKMEGGPROD,EQ
SKP,SME
SKYGOLD,EQ
SLONE,SME
SMARTEN,SME
SMARTLINK,EQ
SMARTWORKS,EQ
SMCGLOBAL,EQ
SMLMAH,EQ
SMLT,EQ
SMSPHARMA,EQ
SMVD,SME
SNEHAA,SME
SNOWMAN,EQ
SOBHA,EQ
SOCL,SME
SOFTTECH,EQ
SOLARA,EQ
SOLARINDS,EQ
SOLARWORLD,EQ
SOLEX,EQ
SOMANYCERA,EQ
SOMATEX,EQ
SOMICONVEY,EQ
SONACOMS,EQ
SONAL,EQ
SONAMAC,SME
SONAMLTD,EQ
SONATSOFTW,EQ
SONUINFRA,SME
SOTAC,SME
SOTL,EQ
SOUTHBANK,EQ
SOUTHWEST,EQ
SPAL,EQ
SPANDANA,EQ
SPARC,EQ
SPCENET,EQ
SPCL,SME
SPCON,SME
SPEB,SME
SPECIALITY,EQ
SPECTRUM,EQ
SPECTSTM,SME
SPENCERS,EQ
SPIC,EQ
SPLIL,EQ
SPLPETRO,EQ
SPMLINFRA,EQ
SPORTKING,EQ
SPPPOLY,SME
SPRL,SME
SPUNWEB,SME
SRD,EQ
SREEL,EQ
SRF,EQ
SRGHFL,EQ
SRHHYPOLTD,EQ
SRIVASAVI,SME
SRM,EQ
SRTL,EQ
SSDL,EQ
SSEGL,SME
SSFL,SME
SSWL,EQ
STALLION,EQ
STANLEY,EQ
STAR,EQ
STARCEMENT,EQ
STARHEALTH,EQ
STARPAPER,EQ
STARTECK,EQ
STCINDIA,EQ
STEELCAS,EQ
STEELCITY,EQ
STEELXIND,EQ
STEL,EQ
STERTOOLS,EQ
STLNETWORK,EQ
STLTECH,EQ
STOVEKRAFT,EQ
STRIDERS,SME
STUDDS,EQ
STUDIOLSD,SME
STYL,EQ
STYLAMIND,EQ
STYLEBAAZA,EQ
STYRENIX,EQ
SUBAHOTELS,SME
SUBEXLTD,EQ
SUBROS,EQ
SUDARCOLOR,EQ
SUDARSCHEM,EQ
SUDEEPPHRM,EQ
SUKHJITS,EQ
SULA,EQ
SUMEETINDS,EQ
SUMICHEM,EQ
SUMIT,EQ
SUMMITSEC,EQ
SUNCLAY,EQ
SUNDARAM,EQ
SUNDARMFIN,EQ
SUNDRMBRAK,EQ
SUNDRMFAST,EQ
SUNDROP,EQ
SUNFLAG,EQ
SUNLITE,SME
SUNPHARMA,EQ
SUNREST,SME
SUNTECH,SME
SUNTECK,EQ
SUNTV,EQ
SUPERHOUSE,EQ
SUPERSPIN,EQ
SUPRAJIT,EQ
SUPREME,EQ
SUPREMEENG,EQ
SUPREMEIND,EQ
SUPREMEINF,EQ
SUPREMEPWR,SME
SUPRIYA,EQ
SURAJEST,EQ
SURAJLTD,EQ
SURAKSHA,EQ
SURANASOL,EQ
SURANAT&P,EQ
SURANI,SME
SURYALA,EQ
SURYALAXMI,EQ
SURYAROSNI,EQ
SURYODAY,EQ
SUTLEJTEX,EQ
SUVEN,EQ
SUVIDHAA,EQ
SUYOG,EQ
SUZLON,EQ
SVLL,EQ
SVPGLOB,EQ
SWANCORP,EQ
SWANDEF,EQ
SWARAJ,SME
SWARAJENG,EQ
SWASTIK,SME
SWELECTES,EQ
SWIGGY,EQ
SWSOLAR,EQ
SYLVANPLY,SME
SYMPHONY,EQ
SYNCOMF,EQ
SYNGENE,EQ
SYNOPTICS,SME
SYRMA,EQ
SYSTANGO,SME
SYSTMTXC,EQ
TAALTECH,EQ
TAC,SME
TAINWALCHM,EQ
TAJGVK,EQ
TAKE,EQ
TALBROAUTO,EQ
TAMBOLIIN,EQ
TANKUP,SME
TANLA,EQ
TAPIFRUIT,SME
TARACHAND,EQ
TARAPUR,EQ
TARC,EQ
TARIL,EQ
TARMAT,EQ
TARSONS,EQ
TASTYBITE,EQ
TATACAP,EQ
TATACHEM,EQ
TATACOMM,EQ
TATACONSUM,EQ
TATAELXSI,EQ
TATAINVEST,EQ
TATAPOWER,EQ
TATASTEEL,EQ
TATATECH,EQ
TATVA,EQ
TAURIAN,SME
TBI,SME
TBOTEK,EQ
TBZ,EQ
TCC,EQ
TCI,EQ
TCIEXP,EQ
TCIFINANCE,EQ
TCL,SME
TCPLPACK,EQ
TCS,EQ
TDPOWERSYS,EQ
TEAMGTY,EQ
TEAMLEASE,EQ
TECHD,SME
TECHERA,SME
TECHLABS,SME
TECHM,EQ
TECHNOE,EQ
TECHNVISN,EQ
TECILCHEM,EQ
TEGA,EQ
TEJASCARGO,SME
TEJASNET,EQ
TEMBO,EQ
TENNIND,EQ
TERASOFT,EQ
TEXINFRA,EQ
TEXMOPIPES,EQ
TEXRAIL,EQ
TFCILTD,EQ
TFL,EQ
TGBHOTELS,EQ
TGL,SME
THACKER,EQ
THAKDEV,EQ
THANGAMAYL,EQ
THEINVEST,EQ
THEJO,EQ
THELEELA,EQ
THEMISMED,EQ
THERMAX,EQ
THESL,SME
THOMASCOOK,EQ
THOMASCOTT,EQ
THYROCARE,EQ
TI,EQ
TICL,EQ
TIGERLOGS,EQ
TIIL,EQ
TIINDIA,EQ
TIJARIA,EQ
TIL,EQ
TIMESCAN,SME
TIMETECHNO,EQ
TIMEX,EQ
TIMKEN,EQ
TINNARUBR,EQ
TIPSFILMS,EQ
TIPSMUSIC,EQ
TIRUMALCHM,EQ
TIRUPATI,SME
TIRUPATIFL,EQ
TITAGARH,EQ
TITAN,EQ
TMB,EQ
TMCV,EQ
TMPV,EQ
TNPETRO,EQ
TNPL,EQ
TNTELE,EQ
TOKYOPLAST,EQ
TOLINS,EQ
TORNTPHARM,EQ
TORNTPOWER,EQ
TOTAL,EQ
TOUCHWOOD,EQ
TPHQ,EQ
TPLPLASTEH,EQ
TRACXN,EQ
TRANSPEK,EQ
TRANSRAILL,EQ
TRANSTEEL,SME
TRANSWIND,SME
TRANSWORLD,EQ
TRAVELFOOD,EQ
TREEHOUSE,EQ
TREJHARA,EQ
TREL,EQ
TRENT,EQ
TRF,EQ
TRIDENT,EQ
TRIDHYA,SME
TRIGYN,EQ
TRITURBINE,EQ
TRIVENI,EQ
TROM,SME
TRU,EQ
TRUALT,EQ
TRUST,SME
TSC,SME
TSFINV,EQ
TTKHLTCARE,EQ
TTKPRESTIG,EQ
TTL,EQ
TTML,EQ
TUNWAL,SME
TVSELECT,EQ
TVSHLTD,EQ
TVSMOTOR,EQ
TVSSCS,EQ
TVSSRICHAK,EQ
TVTODAY,EQ
TVVISION,EQ
UBL,EQ
UCAL,EQ
UCL,SME
UCOBANK,EQ
UDS,EQ
UEL,EQ
UFBL,EQ
UFLEX,EQ
UFO,EQ
UGARSUGAR,EQ
UGROCAP,EQ
UHTL,SME
UJJIVANSFB,EQ
ULTRACEMCO,EQ
ULTRAMAR,EQ
UMA,SME
UMAEXPORTS,EQ
UMESLTD,EQ
UMIYA-MRO,EQ
UNICHEMLAB,EQ
UNIDT,EQ
UNIECOM,EQ
UNIENTER,EQ
UNIHEALTH,SME
UNIINFO,EQ
UNILEX,SME
UNIMECH,EQ
UNIONBANK,EQ
UNIPARTS,EQ
UNITDSPR,EQ
UNITECH,EQ
UNITEDPOLY,EQ
UNITEDTEA,EQ
UNIVASTU,EQ
UNIVCABLES,EQ
UNIVPHOTO,EQ
UNOMINDA,EQ
UPL,EQ
URAVIDEF,EQ
URBAN,SME
URBANCO,EQ
URJA,EQ
USASEEDS,SME
USHAFIN,SME
USHAMART,EQ
USK,EQ
UTIAMC,EQ
UTKARSHBNK,EQ
UTLSOLAR,EQ
UTSSAV,SME
UTTAMSUGAR,EQ
UWCSL,SME
UYFINCORP,EQ
V2RETAIL,EQ
VADILALIND,EQ
VAIBHAVGBL,EQ
VAISHALI,EQ
VAKRANGEE,EQ
VALIANTLAB,EQ
VALIANTORG,EQ
VARDHACRLC,EQ
VARDMNPOLY,EQ
VARROC,EQ
VASA,SME
VASCONEQ,EQ
VASWANI,EQ
VBL,EQ
VCL,EQ
VDEAL,SME
VEDL,EQ
VEEDOL,EQ
VEEKAYEM,SME
VELJAN,EQ
VELS,SME
VENKEYS,EQ
VENTIVE,EQ
VENUSPIPES,EQ
VENUSREM,EQ
VERA,SME
VERANDA,EQ
VERITAAS,SME
VERTEXPLUS,SME
VERTOZ,EQ
VESUVIUS,EQ
VETO,EQ
VGINFOTECH,SME
VGL,EQ
VGUARD,EQ
VHL,EQ
VHLTD,EQ
VIAZ,SME
VICTORYEV,SME
VIDHIING,EQ
VIDYAWIRES,EQ
VIESL,SME
VIGOR,SME
VIJAYA,EQ
VIJAYPD,SME
VIJIFIN,EQ
VIKASECO,EQ
VIKASLIFE,EQ
VIKRAMSOLR,EQ
VIKRAN,EQ
VILAS,SME
VILINBIO,SME
VIMTALABS,EQ
VINATIORGA,EQ
VINCOFE,EQ
VINDHYATEL,EQ
VINEETLAB,EQ
VINNY,EQ
VINSYS,SME
VINYAS,SME
VINYLINDIA,EQ
VIPCLOTHNG,EQ
VIPIND,EQ
VIPULLTD,EQ
VIRINCHI,EQ
VISAKAIND,EQ
VISAMAN,SME
VISASTEEL,EQ
VISHNU,EQ
VISHNUINFR,SME
VISHWARAJ,EQ
VISHWAS,SME
VITAL,EQ
VIVIANA,SME
VIVIDEL,SME
VIVIDHA,EQ
VIVIMEDLAB,EQ
VIVO,SME
VIYASH,EQ
VLEGOV,EQ
VLINFRA,SME
VLSFINANCE,EQ
VMARCIND,SME
VMART,EQ
VMM,EQ
VMSTMT,EQ
VOLERCAR,SME
VOLTAMP,EQ
VOLTAS,EQ
VPRPL,EQ
VR,SME
VRAJ,EQ
VRLLOG,EQ
VSCL,SME
VSSL,EQ
VSTIND,EQ
VSTL,EQ
VSTTILLERS,EQ
VTL,EQ
WAAREEENER,EQ
WAAREEINDO,EQ
WAAREERTL,EQ
WABAG,EQ
WAKEFIT,EQ
WALCHANNAG,EQ
WALPAR,SME
WANBURY,EQ
WCIL,EQ
WEALTH,EQ
WEBELSOLAR,EQ
WEIZMANIND,EQ
WEL,EQ
WELCORP,EQ
WELENT,EQ
WELINV,EQ
WELSPLSOL,EQ
WELSPUNLIV,EQ
WENDT,EQ
WESTLIFE,EQ
WEWIN,EQ
WEWORK,EQ
WHEELS,EQ
WHIRLPOOL,EQ
WHITEFORCE,SME
WILLAMAGOR,EQ
WIMPLAST,EQ
WINDLAS,EQ
WINDMACHIN,EQ
WINNY,SME
WINSOL,SME
WINSOME,EQ
WIPL,EQ
WIPRO,EQ
WOCKPHARMA,EQ
WOL3D,SME
WOMANCART,SME
WONDERLA,EQ
WORTHPERI,EQ
WPIL,EQ
WSI,EQ
WSTCSTPAPR,EQ
WTICAB,SME
XCHANGING,EQ
XELPMOC,EQ
XPROINDIA,EQ
XTGLOBAL,EQ
YAAP,SME
YASHO,EQ
YASHOPTICS,SME
YATHARTH,EQ
YATRA,EQ
YCCL,SME
YESBANK,EQ
YUDIZ,SME
YUKEN,EQ
ZAGGLE,EQ
ZEAL,SME
ZEEL,EQ
ZEELEARN,EQ
ZEEMEDIA,EQ
ZENITHDRUG,SME
ZENITHEXPO,EQ
ZENITHSTL,EQ
ZENSARTECH,EQ
ZENTEC,EQ
ZFCVINDIA,EQ
ZFSTEERING,EQ
ZIMLAB,EQ
ZODIAC,EQ
ZODIACLOTH,EQ
ZOTA,EQ
ZSARACOM,EQ
ZTECH,SME
ZUARI,EQ
ZUARIIND,EQ
ZYDUSLIFE,EQ
ZYDUSWELL,EQ
