date,symbol,market_cap,free_float,shares_outstanding,avg_daily_traded_value
2026-08-30,IISL,,,,
2026-08-30,IDBI,996317659136.0,559985105.0,10752402175.0,1755260696.5
2026-08-30,JPASSOCIAT,,,,
2026-08-30,MCDOWELL-N,,,,
2026-08-30,MPHASIS,468455882752.0,131068520.0,190817050.0,915749370.0
2026-08-30,JINDALSTEL,1199821946880.0,375911194.0,1017488097.0,1061433296.0
2026-08-30,DLF,1682716753920.0,603304869.0,2475311706.0,2011373885.3999999
2026-08-30,CROMPGREAV,,,,
2026-08-30,RPOWER,92848062464.0,2877462650.0,4135770966.0,478804911.84999996
2026-08-30,UNIONBANK,1419850678272.0,1927048570.0,7633605607.0,1594340292.0
2026-08-30,ABIRLANUVO,,,,
2026-08-30,APOLLOHOSP,1270840688640.0,99591005.0,143784657.0,3395583768.5
2026-08-30,BHARATFORG,974201225216.0,256341563.0,478088632.0,1786614606.0
2026-08-30,CASTROLIND,183225040896.0,469097820.0,989122384.0,301734101.68
2026-08-30,GRASIM,2231451516928.0,361135680.0,678196497.0,3993556630.0
2026-08-30,UBL,352742899712.0,65707324.0,264405149.0,125620190.1
2026-08-30,DIVISLAB,2452664090624.0,117260126.0,265468580.0,3330410047.0
2026-08-30,TATAPOWER,1124280172544.0,1680045627.0,3195339547.0,1981794069.45
2026-08-30,GLAXO,526242873344.0,41291027.0,169406034.0,950048950.4
2026-08-30,GSKCONS,,,,
2026-08-30,TORNTPHARM,1920857800704.0,129831055.0,380367856.0,1379644850.0
2026-08-30,GLENMARK,709795053568.0,141617251.0,282224672.0,1359588880.0
2026-08-30,PFC,1161635823616.0,1407625405.0,3300101760.0,2890456096.0
2026-08-30,RECLTD,834205319168.0,1198702710.0,2633224000.0,1644958339.2
2026-08-30,CUMMINSIND,1439499550720.0,134891064.0,277200000.0,2554447086.0
2026-08-30,EMAMILTD,165608095744.0,190877085.0,436500000.0,345318877.4
2026-08-30,PNB,1326285586432.0,11491426586.0,11492943268.0,1209921109.0
2026-08-30,SUNTV,186993147904.0,84811034.0,394084620.0,133763448.0
2026-08-30,LICHSGFIN,294283706368.0,299803002.0,550063000.0,2012197060.0
2026-08-30,BEL,3010897903616.0,3488821344.0,7309778829.0,3771703219.7999997
2026-08-30,ABCAPITAL,1110140518400.0,868739969.0,2737370269.0,1244026652.75
2026-08-30,OIL,785407541248.0,543736688.0,1626607791.0,890646278.85
2026-08-30,BHEL,1500246966272.0,1420020257.0,3482063355.0,3474102102.8
2026-08-30,MRF,560170139648.0,2454562.0,4241143.0,444185040.0
2026-08-30,SAIL,826105004032.0,1441724450.0,4130525289.0,6269121000.0
2026-08-30,YESBANK,693681324032.0,15283552764.0,31388295749.0,1080781737.1000001
2026-08-30,IBULHSGFIN,,,,
2026-08-30,L&TFH,,,,
2026-08-30,ASHOKLEY,1032447393792.0,3368126939.0,5873854552.0,2373258668.13
2026-08-30,IDEA,1590475751424.0,26804058200.0,108343035001.0,5651255856.44
2026-08-30,NIACL,307088326656.0,75494880.0,1648000000.0,234138632.42000002
2026-08-30,TATAMTRDVR,,,,
2026-08-30,VEDL,1124387782656.0,1616314581.0,3904801732.0,4068998989.8999996
2026-08-30,PAGEIND,401372151808.0,6365739.0,11153874.0,1452786420.0
2026-08-30,ZEEL,97502330880.0,926658670.0,960519420.0,2820079559.98
2026-08-30,NHPC,751569469440.0,3875659874.0,10045034805.0,508792759.67999995
2026-08-30,SRTRANSFIN,,,,
2026-08-30,OFSS,1061543346176.0,23868215.0,87083127.0,2472168570.0
2026-08-30,GICRE,619829526528.0,396500735.0,1754400000.0,285122285.8
2026-08-30,CONCOR,392994848768.0,340762239.0,761617935.0,624612324.0
2026-08-30,HINDZINC,2628148264960.0,479573707.0,4225319000.0,5261861870.0
2026-08-30,BANKBARODA,1250952478720.0,1853536119.0,5171362179.0,1686931740.6000001
2026-08-30,MOTHERSUMI,,,,
2026-08-30,PETRONET,438000025600.0,729059759.0,1500000088.0,754121536.0
2026-08-30,ABBOTINDIA,556200493056.0,5193117.0,21249302.0,204871725.0
2026-08-30,ALKEM,640270598144.0,46141329.0,119565000.0,854893620.0
2026-08-30,IGL,206654226432.0,628462490.0,1400001600.0,437559289.73
2026-08-30,AUROPHARMA,946669289472.0,275956275.0,575377895.0,1260642022.3999999
2026-08-30,HINDPETRO,774527385600.0,957320902.0,2127822517.0,1401449504.0
2026-08-30,PEL,,,,
2026-08-30,NMDC,762778091520.0,3443469555.0,8791817550.0,1879181603.64
2026-08-30,JUBLFOOD,322556493824.0,388626472.0,657674557.0,1342234133.0
2026-08-30,LUPIN,992952778752.0,241802032.0,457265861.0,1535528452.0
2026-08-30,ZYDUSLIFE,1188027039744.0,242884761.0,997503832.0,1592370573.0
2026-08-30,PAYTM,1058446704640.0,524162790.0,641133110.0,7377177071.1
2026-08-30,BIOCON,669391585280.0,801818101.0,1628293737.0,1010124909.7
2026-08-30,GLAND,476423716864.0,79466966.0,164966661.0,1115027920.0
2026-08-30,BANDHANBNK,271069511680.0,1006321602.0,1611111580.0,957985383.25
2026-08-30,HDFC,,,,
2026-08-30,INDUSTOWER,1002136928256.0,1283289129.0,2637202542.0,1582689740.0
2026-08-30,HDFCAMC,1101614284800.0,202804646.0,428810534.0,2569000000.0
2026-08-30,NYKAA,961667399680.0,1212719947.0,2865089837.0,1353063888.75
2026-08-30,ACC,245325283328.0,71115036.0,187787263.0,139523520.0
2026-08-30,AWL,253545037824.0,442661010.0,1291817635.0,909486917.12
2026-08-30,UPL,482657239040.0,557607601.0,844169318.0,1093943498.0
2026-08-30,PIIND,367144042496.0,80895783.0,151706138.0,503555047.2
2026-08-30,MUTHOOTFIN,1240939102208.0,106988473.0,401468476.0,3622463449.0
2026-08-30,PGHH,262672269312.0,9429999.0,32460736.0,80110800.0
2026-08-30,BERGEPAINT,576413499392.0,115142778.0,1166002812.0,181443257.9
2026-08-30,MARICO,1075372883968.0,551726279.0,1296176456.0,875161280.4
2026-08-30,SRF,767661899776.0,141110074.0,296406025.0,584364316.8000001
2026-08-30,SBICARD,610050768896.0,299074153.0,951643098.0,1413701154.5
2026-08-30,COLPAL,496890544128.0,132122461.0,271985634.0,636157637.3000001
2026-08-30,IRCTC,388519985152.0,300604391.0,800000000.0,373432311.45
2026-08-30,ATGL,700029075456.0,222370601.0,1099810083.0,861017737.0
2026-08-30,INDUSINDBK,774465716224.0,704360308.0,779140552.0,961293424.0
2026-08-30,ICICIPRULI,733574725632.0,377479016.0,1449752494.0,520722576.0
2026-08-30,HEROMOTOCO,1120790773760.0,129476094.0,200141207.0,2285382400.0
2026-08-30,DABUR,684747390976.0,589911614.0,1773957026.0,553593094.0
2026-08-30,SWIGGY,734910480384.0,1436691886.0,2620001701.0,3228381931.5
2026-08-30,HAVELLS,767445172224.0,246631118.0,627561652.0,874238981.0000001
2026-08-30,ICICIGI,780373000192.0,243274175.0,499598582.0,1799806690.0
2026-08-30,LICI,5338297794560.0,1265126040.0,12649995402.0,4549523764.0
2026-08-30,BAJAJHFL,707936256000.0,1100466111.0,8328662006.0,223806360.0
2026-08-30,JSWENERGY,980869251072.0,584176536.0,1832372944.0,809833422.6999999
2026-08-30,NAUKRI,877036699648.0,310894606.0,647737579.0,1760220310.0
2026-08-30,INFRATEL,,,,
2026-08-30,INGVYSYABK,,,,
2026-08-30,SUNDARMFIN,504179228672.0,71474224.0,110217571.0,161773656.0
2026-08-30,IOC,1936021913600.0,3402718668.0,14121238383.0,992602491.9
2026-08-30,DMART,2498493415424.0,149472309.0,652245977.0,1996822829.2
2026-08-30,SBILIFE,1766998933504.0,414914638.0,1003349572.0,1429948039.3
2026-08-30,HDFCLIFE,1190282919936.0,1001206820.0,2172049147.0,1303131944.0
2026-08-30,BAJAJHLDNG,1262068432896.0,42748950.0,111293510.0,568621620.0
2026-08-30,NESTLEIND,2804926119936.0,702369208.0,1928314320.0,2148813668.4
2026-08-30,ADANITRANS,,,,
2026-08-30,LTI,,,,
2026-08-30,ADANIGREEN,2159448031232.0,334607364.0,1647176155.0,1624968768.0
2026-08-30,TATACONSUM,1029970329600.0,640038664.0,989690012.0,1114813450.5
2026-08-30,ADANIENT,4508691202048.0,352889373.0,1352949234.0,3595132188.0
2026-08-30,CHOLAFIN,1591039492096.0,433133095.0,854065996.0,1449090297.2
2026-08-30,ZOMATO,,,,
2026-08-30,MINDTREE,,,,
2026-08-30,HAL,3250982223872.0,183217599.0,668775000.0,3675949236.7000003
2026-08-30,MOTHERSON,1743971811328.0,4409847766.0,10531231231.0,1642487868.0
2026-08-30,ABB,1591219978240.0,51771377.0,211908375.0,1154921745.0
2026-08-30,VBL,1400340348928.0,1301947255.0,3382464894.0,3215012634.0
2026-08-30,CANBK,1164218204160.0,3088193928.0,9070651260.0,1375900576.85
2026-08-30,TVSMOTOR,2045468868608.0,229128274.0,474960087.0,3479304374.2
2026-08-30,TRENT,1545307160576.0,302091467.0,533232301.0,1565418456.0
2026-08-30,SHRIRAMFIN,2557457989632.0,1767008667.0,2352983543.0,3085723229.7000003
2026-08-30,ADANIPOWER,4100504682496.0,5437512519.0,19284694705.0,4237150304.2
2026-08-30,IRFC,1096447688704.0,2241987633.0,13068506000.0,632567993.3000001
2026-08-30,JIOFIN,1574188875776.0,3474044017.0,6603141623.0,1976345059.2
2026-08-30,LODHA,1272633098240.0,448782594.0,998927026.0,1626658488.0
2026-08-30,INDHOTEL,1021882269696.0,853114790.0,1446605715.0,846092719.1999999
2026-08-30,HYUNDAI,1842030706688.0,133691612.0,812541100.0,1689232380.0
2026-08-30,CGPOWER,1400575098880.0,684854505.0,1575450059.0,1958029612.0
2026-08-30,MAXHEALTH,986999685120.0,699039362.0,973276486.0,1753735863.2
2026-08-30,MAZDOCK,1030635913216.0,75763720.0,403380000.0,2021676965.0
2026-08-30,SOLARINDS,1845997207552.0,23873086.0,90490055.0,2565320400.0
2026-08-30,ENRIN,1154756378624.0,275882994.0,356120505.0,1360977586.8
2026-08-30,TATACAP,1584211558400.0,516460527.0,4216692745.0,387799418.5
2026-08-30,TMCV,1717243084800.0,2029259173.0,3682700304.0,3179941709.7000003
