date,symbol,dividend,split
1998-04-27,IDBI,2.8125,0.0
1999-05-27,IDBI,2.8125,0.0
2000-03-31,IDBI,2.8125,0.0
2001-02-12,IDBI,0.0,1.6
2001-05-21,IDBI,4.5,0.0
2002-06-19,IDBI,1.5,0.0
2003-08-14,IDBI,1.5,0.0
2005-02-21,IDBI,1.5,0.0
2005-08-11,IDBI,0.75,0.0
2006-07-13,IDBI,1.5,0.0
2007-06-14,IDBI,1.5,0.0
2008-07-16,IDBI,2.0,0.0
2009-07-09,IDBI,2.5,0.0
2010-07-16,IDBI,3.0,0.0
2011-09-02,IDBI,3.5,0.0
2012-02-09,IDBI,2.0,0.0
2012-08-31,IDBI,1.5,0.0
2013-08-29,IDBI,3.5,0.0
2014-01-23,IDBI,0.725,0.0
2014-06-26,IDBI,0.27,0.0
2015-08-04,IDBI,0.75,0.0
2023-07-06,IDBI,1.0,0.0
2024-07-16,IDBI,1.5,0.0
2025-07-15,IDBI,2.1,0.0
2003-07-02,MPHASIS,0.0,2.0
2004-05-26,MPHASIS,0.0,2.0
2005-09-22,MPHASIS,1.5,0.0
2005-11-11,MPHASIS,0.0,2.0
2006-08-24,MPHASIS,3.0,0.0
2007-09-07,MPHASIS,3.0,0.0
2008-07-16,MPHASIS,3.3,0.0
2009-01-22,MPHASIS,2.0,0.0
2010-02-10,MPHASIS,3.5,0.0
2011-02-10,MPHASIS,4.0,0.0
2012-02-15,MPHASIS,6.5,0.0
2012-02-16,MPHASIS,6.5,0.0
2013-01-17,MPHASIS,17.0,0.0
2014-01-22,MPHASIS,17.0,0.0
2014-07-16,MPHASIS,7.0,0.0
2015-08-25,MPHASIS,16.0,0.0
2016-10-19,MPHASIS,20.0,0.0
2017-07-13,MPHASIS,17.0,0.0
2018-07-26,MPHASIS,20.0,0.0
2019-07-11,MPHASIS,27.0,0.0
2020-07-02,MPHASIS,35.0,0.0
2021-09-13,MPHASIS,65.0,0.0
2022-07-05,MPHASIS,46.0,0.0
2023-07-05,MPHASIS,50.0,0.0
2024-07-10,MPHASIS,55.0,0.0
2025-07-09,MPHASIS,57.0,0.0
2026-07-08,MPHASIS,62.0,0.0
2000-04-28,JINDALSTEL,0.066667,0.0
2001-09-03,JINDALSTEL,0.083333,0.0
2002-08-29,JINDALSTEL,0.116667,0.0
2003-06-13,JINDALSTEL,0.208333,0.0
2003-11-13,JINDALSTEL,0.125,0.0
2003-12-22,JINDALSTEL,0.0,2.0
2004-06-23,JINDALSTEL,0.208333,0.0
2004-11-04,JINDALSTEL,0.166667,0.0
2005-07-07,JINDALSTEL,0.333333,0.0
2005-11-02,JINDALSTEL,0.166667,0.0
2006-09-14,JINDALSTEL,0.333333,0.0
2007-02-05,JINDALSTEL,0.2,0.0
2007-09-06,JINDALSTEL,0.4,0.0
2008-01-21,JINDALSTEL,0.0,5.0
2008-02-27,JINDALSTEL,0.25,0.0
2008-09-12,JINDALSTEL,0.416667,0.0
2009-09-14,JINDALSTEL,0.916667,6.0
2010-09-13,JINDALSTEL,1.25,0.0
2011-09-12,JINDALSTEL,1.5,0.0
2012-09-10,JINDALSTEL,1.6,0.0
2013-09-13,JINDALSTEL,1.6,0.0
2014-07-11,JINDALSTEL,1.5,0.0
2022-03-16,JINDALSTEL,1.0,0.0
2022-09-20,JINDALSTEL,2.0,0.0
2023-08-18,JINDALSTEL,2.0,0.0
2024-08-22,JINDALSTEL,2.0,0.0
2025-08-22,JINDALSTEL,2.0,0.0
2026-08-21,JINDALSTEL,2.0,0.0
2007-09-18,DLF,2.0,
2007-11-05,DLF,2.0,
2008-09-19,DLF,2.0,
2009-09-22,DLF,2.0,
2010-09-17,DLF,2.0,
2011-07-27,DLF,2.0,
2012-08-24,DLF,2.0,
2013-07-30,DLF,2.0,
2014-08-19,DLF,2.0,
2015-08-17,DLF,2.0,
2016-03-28,DLF,2.0,
2017-09-19,DLF,2.0,
2018-03-27,DLF,1.2,
2018-09-12,DLF,0.8,
2019-07-22,DLF,2.0,
2020-02-12,DLF,1.2,
2020-09-15,DLF,0.8,
2021-08-23,DLF,2.0,
2022-08-02,DLF,3.0,
2023-07-28,DLF,4.0,
2024-07-31,DLF,5.0,
2025-07-28,DLF,6.0,
2026-07-27,DLF,8.0,
2008-05-30,RPOWER,0.0,1.6
2015-11-19,RPOWER,1.0,0.0
2003-06-06,UNIONBANK,2.1,
2004-01-30,UNIONBANK,2.0,
2004-06-07,UNIONBANK,1.5,
2005-02-18,UNIONBANK,2.0,
2005-06-07,UNIONBANK,1.5,
2006-06-08,UNIONBANK,3.5,
2007-01-11,UNIONBANK,1.5,
2007-06-14,UNIONBANK,2.0,
2008-06-17,UNIONBANK,4.0,
2009-06-18,UNIONBANK,5.0,
2010-06-24,UNIONBANK,5.5,
2011-06-16,UNIONBANK,8.0,
2012-06-21,UNIONBANK,8.0,
2013-06-20,UNIONBANK,8.0,
2014-01-20,UNIONBANK,2.7,
2014-06-19,UNIONBANK,1.3,
2015-06-18,UNIONBANK,6.0,
2016-06-17,UNIONBANK,1.95,
2022-06-22,UNIONBANK,1.9,
2023-07-28,UNIONBANK,3.0,
2024-07-19,UNIONBANK,3.6,
2025-07-25,UNIONBANK,4.75,
2026-07-03,UNIONBANK,5.0,
2002-09-02,APOLLOHOSP,1.25,0.0
2003-08-11,APOLLOHOSP,1.5,0.0
2004-08-30,APOLLOHOSP,1.75,0.0
2005-07-29,APOLLOHOSP,2.0,0.0
2006-07-27,APOLLOHOSP,2.25,0.0
2007-03-22,APOLLOHOSP,1.5,0.0
2007-08-09,APOLLOHOSP,1.0,0.0
2008-08-11,APOLLOHOSP,3.0,0.0
2009-08-20,APOLLOHOSP,3.25,0.0
2010-07-15,APOLLOHOSP,3.5,0.0
2010-09-02,APOLLOHOSP,0.0,2.0
2011-07-07,APOLLOHOSP,3.75,0.0
2012-07-26,APOLLOHOSP,4.0,0.0
2013-07-25,APOLLOHOSP,5.5,0.0
2014-08-13,APOLLOHOSP,5.75,0.0
2015-07-30,APOLLOHOSP,5.75,0.0
2016-03-22,APOLLOHOSP,6.0,0.0
2017-09-07,APOLLOHOSP,6.0,0.0
2018-09-12,APOLLOHOSP,5.0,0.0
2019-09-12,APOLLOHOSP,6.0,0.0
2020-02-25,APOLLOHOSP,3.25,0.0
2020-09-17,APOLLOHOSP,2.75,0.0
2021-08-18,APOLLOHOSP,3.0,0.0
2022-08-18,APOLLOHOSP,11.75,0.0
2023-02-24,APOLLOHOSP,6.0,0.0
2023-08-18,APOLLOHOSP,9.0,0.0
2024-02-20,APOLLOHOSP,6.0,0.0
2024-08-16,APOLLOHOSP,10.0,0.0
2025-02-14,APOLLOHOSP,9.0,0.0
2025-08-19,APOLLOHOSP,10.0,0.0
2026-02-16,APOLLOHOSP,10.0,0.0
2026-08-14,APOLLOHOSP,10.0,0.0
2003-07-04,BHARATFORG,0.594911,0.0
2004-07-20,BHARATFORG,0.198304,0.0
2005-07-20,BHARATFORG,0.25,5.0
2006-07-20,BHARATFORG,1.5,0.0
2007-07-19,BHARATFORG,1.75,0.0
2008-07-31,BHARATFORG,1.75,0.0
2009-07-16,BHARATFORG,0.5,0.0
2010-07-15,BHARATFORG,0.5,0.0
2011-08-04,BHARATFORG,1.75,0.0
2012-03-07,BHARATFORG,0.75,0.0
2012-07-19,BHARATFORG,1.25,0.0
2013-03-07,BHARATFORG,0.5,0.0
2013-08-01,BHARATFORG,1.2,0.0
2014-02-13,BHARATFORG,1.0,0.0
2014-08-21,BHARATFORG,1.25,0.0
2015-02-11,BHARATFORG,1.5,0.0
2015-07-20,BHARATFORG,2.25,0.0
2016-02-17,BHARATFORG,1.5,0.0
2016-03-18,BHARATFORG,2.0,0.0
2016-07-25,BHARATFORG,0.25,0.0
2017-02-16,BHARATFORG,1.25,0.0
2017-07-28,BHARATFORG,2.5,0.0
2017-09-28,BHARATFORG,0.0,2.0
2017-11-16,BHARATFORG,2.0,0.0
2018-07-27,BHARATFORG,2.5,0.0
2018-11-15,BHARATFORG,2.5,0.0
2019-08-01,BHARATFORG,2.5,0.0
2019-11-20,BHARATFORG,1.5,0.0
2020-03-03,BHARATFORG,2.0,0.0
2021-07-15,BHARATFORG,2.0,0.0
2021-11-25,BHARATFORG,1.5,0.0
2022-07-14,BHARATFORG,5.5,0.0
2022-11-24,BHARATFORG,1.5,0.0
2023-07-07,BHARATFORG,5.5,0.0
2024-02-23,BHARATFORG,2.5,0.0
2024-07-05,BHARATFORG,6.5,0.0
2025-02-18,BHARATFORG,2.5,0.0
2025-07-04,BHARATFORG,6.0,0.0
2026-02-18,BHARATFORG,2.0,0.0
2026-07-03,BHARATFORG,6.5,0.0
2003-05-23,CASTROLIND,1.5625,0.0
2003-08-04,CASTROLIND,0.5,0.0
2004-04-13,CASTROLIND,0.53125,0.0
2004-08-02,CASTROLIND,0.5,0.0
2005-03-24,CASTROLIND,0.53125,0.0
2005-07-22,CASTROLIND,0.5,0.0
2006-03-31,CASTROLIND,0.53125,0.0
2006-07-27,CASTROLIND,0.5,0.0
2007-04-05,CASTROLIND,0.625,0.0
2007-08-07,CASTROLIND,0.5625,0.0
2008-04-07,CASTROLIND,1.1875,0.0
2008-08-08,CASTROLIND,0.75,0.0
2009-04-06,CASTROLIND,1.125,0.0
2009-07-31,CASTROLIND,1.25,0.0
2010-02-22,CASTROLIND,1.875,0.0
2010-04-09,CASTROLIND,0.0,2.0
2010-07-20,CASTROLIND,1.75,0.0
2011-06-13,CASTROLIND,2.0,0.0
2011-08-22,CASTROLIND,1.75,0.0
2012-03-30,CASTROLIND,2.0,0.0
2012-07-20,CASTROLIND,1.75,0.0
2012-09-04,CASTROLIND,0.0,2.0
2013-04-12,CASTROLIND,1.75,0.0
2013-08-06,CASTROLIND,1.75,0.0
2014-05-02,CASTROLIND,1.75,0.0
2014-08-04,CASTROLIND,1.75,0.0
2015-05-06,CASTROLIND,2.0,0.0
2015-08-06,CASTROLIND,2.0,0.0
2016-04-27,CASTROLIND,2.5,0.0
2016-08-05,CASTROLIND,2.25,0.0
2017-03-07,CASTROLIND,1.0,0.0
2017-05-22,CASTROLIND,2.25,0.0
2017-09-05,CASTROLIND,2.25,0.0
2017-12-21,CASTROLIND,0.0,2.0
2018-04-25,CASTROLIND,2.5,0.0
2018-08-09,CASTROLIND,2.25,0.0
2019-05-09,CASTROLIND,2.75,0.0
2019-08-08,CASTROLIND,2.5,0.0
2020-06-26,CASTROLIND,3.0,0.0
2020-11-05,CASTROLIND,2.5,0.0
2021-04-22,CASTROLIND,3.0,0.0
2021-08-11,CASTROLIND,2.5,0.0
2022-06-02,CASTROLIND,3.0,0.0
2022-08-08,CASTROLIND,3.0,0.0
2023-05-04,CASTROLIND,3.5,0.0
2023-08-08,CASTROLIND,3.0,0.0
2024-03-21,CASTROLIND,4.5,0.0
2024-08-07,CASTROLIND,3.5,0.0
2025-03-18,CASTROLIND,9.5,0.0
2025-08-11,CASTROLIND,3.5,0.0
2026-03-23,CASTROLIND,5.25,0.0
2026-08-11,CASTROLIND,6.25,0.0
2002-07-16,GRASIM,1.792871,0.0
2003-07-14,GRASIM,1.992079,0.0
2004-07-05,GRASIM,2.788911,0.0
2005-06-29,GRASIM,3.187327,0.0
2006-08-09,GRASIM,3.984158,0.0
2007-03-15,GRASIM,5.478217,0.0
2008-07-22,GRASIM,5.976237,0.0
2009-07-24,GRASIM,5.976237,0.0
2010-08-10,GRASIM,5.976237,0.0
2011-09-06,GRASIM,3.984158,0.0
2012-08-27,GRASIM,4.482178,0.0
2013-07-31,GRASIM,4.482178,0.0
2014-08-20,GRASIM,4.183366,0.0
2015-09-03,GRASIM,3.585742,0.0
2016-09-07,GRASIM,4.482178,0.0
2016-10-06,GRASIM,0.0,5.0
2017-09-08,GRASIM,5.478217,0.0
2018-08-31,GRASIM,6.175445,0.0
2019-08-08,GRASIM,6.972277,0.0
2020-08-26,GRASIM,3.984158,0.0
2021-08-12,GRASIM,8.964356,0.0
2022-08-11,GRASIM,9.960395,0.0
2023-08-11,GRASIM,9.960395,0.0
2024-08-06,GRASIM,10.0,0.0
2025-08-12,GRASIM,10.0,0.0
2026-08-07,GRASIM,10.0,0.0
2008-10-01,UBL,0.15,
2009-09-07,UBL,0.15,
2010-08-17,UBL,0.36,
2011-12-16,UBL,0.6,
2012-09-21,UBL,0.7,
2013-09-06,UBL,0.7,
2014-09-01,UBL,0.9,
2015-09-14,UBL,1.0,
2016-08-30,UBL,1.15,
2017-09-14,UBL,1.15,
2018-09-07,UBL,2.0,
2019-08-13,UBL,2.5,
2020-08-18,UBL,2.5,
2021-07-01,UBL,0.5,
2022-08-02,UBL,10.5,
2023-08-03,UBL,7.5,
2024-07-25,UBL,10.0,
2025-07-31,UBL,10.0,
2026-08-07,UBL,10.0,
2003-08-11,DIVISLAB,0.3,0.0
2004-07-29,DIVISLAB,0.4,0.0
2005-08-11,DIVISLAB,0.4,0.0
2006-08-23,DIVISLAB,0.5,0.0
2007-03-23,DIVISLAB,0.5,0.0
2007-08-03,DIVISLAB,0.0,5.0
2008-06-26,DIVISLAB,1.0,0.0
2009-06-15,DIVISLAB,1.5,0.0
2009-07-30,DIVISLAB,0.0,2.0
2010-07-02,DIVISLAB,3.0,0.0
2011-06-16,DIVISLAB,5.0,0.0
2012-07-26,DIVISLAB,6.5,0.0
2013-07-25,DIVISLAB,7.5,0.0
2014-07-31,DIVISLAB,10.0,0.0
2015-08-06,DIVISLAB,10.0,0.0
2015-09-23,DIVISLAB,0.0,2.0
2016-03-17,DIVISLAB,10.0,0.0
2017-09-15,DIVISLAB,10.0,0.0
2018-08-31,DIVISLAB,10.0,0.0
2019-08-14,DIVISLAB,16.0,0.0
2020-02-25,DIVISLAB,16.0,0.0
2021-08-17,DIVISLAB,20.0,0.0
2022-08-11,DIVISLAB,30.0,0.0
2023-08-11,DIVISLAB,30.0,0.0
2024-08-02,DIVISLAB,30.0,0.0
2025-07-25,DIVISLAB,30.0,0.0
2026-07-24,DIVISLAB,30.0,0.0
1996-06-17,TATAPOWER,0.337756,0.0
1997-07-09,TATAPOWER,0.337756,0.0
1998-06-15,TATAPOWER,0.357056,0.0
1999-06-21,TATAPOWER,0.357056,0.0
2000-04-06,TATAPOWER,0.357056,0.0
2000-07-11,TATAPOWER,0.048251,0.0
2001-07-09,TATAPOWER,0.482509,0.0
2002-05-29,TATAPOWER,0.482509,0.0
2003-07-04,TATAPOWER,0.627261,0.0
2004-06-08,TATAPOWER,0.675512,0.0
2005-07-12,TATAPOWER,0.723763,0.0
2006-07-07,TATAPOWER,0.820265,0.0
2007-07-17,TATAPOWER,0.916766,0.0
2008-08-18,TATAPOWER,1.013268,0.0
2009-07-14,TATAPOWER,1.10977,0.0
2010-08-16,TATAPOWER,1.158021,0.0
2011-08-02,TATAPOWER,1.206271,0.0
2011-09-26,TATAPOWER,0.0,10.0
2012-07-24,TATAPOWER,1.206271,0.0
2013-07-26,TATAPOWER,1.10977,0.0
2014-07-23,TATAPOWER,1.25,0.0
2015-07-20,TATAPOWER,1.3,0.0
2016-09-07,TATAPOWER,1.3,0.0
2017-08-10,TATAPOWER,1.3,0.0
2018-07-12,TATAPOWER,1.3,0.0
2019-06-04,TATAPOWER,1.3,0.0
2020-07-14,TATAPOWER,1.55,0.0
2021-06-17,TATAPOWER,1.55,0.0
2022-06-15,TATAPOWER,1.75,0.0
2023-06-07,TATAPOWER,2.0,0.0
2024-07-04,TATAPOWER,2.0,0.0
2025-06-20,TATAPOWER,2.25,0.0
2026-06-23,TATAPOWER,2.5,0.0
2003-04-10,GLAXO,3.5,0.0
2004-02-25,GLAXO,5.0,0.0
2005-03-16,GLAXO,12.0,0.0
2006-03-24,GLAXO,14.0,0.0
2007-03-14,GLAXO,15.5,0.0
2008-04-02,GLAXO,18.0,0.0
2009-03-18,GLAXO,29.0,0.0
2010-03-10,GLAXO,15.0,0.0
2011-03-14,GLAXO,20.0,0.0
2012-03-29,GLAXO,22.5,0.0
2013-04-04,GLAXO,25.0,0.0
2014-04-03,GLAXO,25.0,0.0
2015-07-23,GLAXO,31.25,0.0
2016-07-15,GLAXO,25.0,0.0
2017-07-14,GLAXO,15.0,0.0
2018-07-13,GLAXO,17.5,0.0
2018-09-11,GLAXO,0.0,2.0
2019-07-11,GLAXO,20.0,0.0
2020-07-17,GLAXO,40.0,0.0
2021-07-19,GLAXO,30.0,0.0
2022-07-07,GLAXO,90.0,0.0
2023-06-30,GLAXO,32.0,0.0
2024-05-31,GLAXO,32.0,0.0
2024-11-07,GLAXO,12.0,0.0
2025-05-30,GLAXO,42.0,0.0
2026-05-29,GLAXO,57.0,0.0
2003-06-10,TORNTPHARM,0.5,0.0
2004-06-17,TORNTPHARM,0.5,0.0
2005-06-09,TORNTPHARM,0.5,0.0
2006-02-20,TORNTPHARM,0.0,2.0
2006-06-15,TORNTPHARM,0.625,0.0
2007-03-23,TORNTPHARM,0.75,0.0
2008-06-19,TORNTPHARM,0.875,0.0
2009-06-08,TORNTPHARM,1.0,0.0
2010-06-04,TORNTPHARM,1.5,0.0
2011-06-06,TORNTPHARM,2.0,0.0
2012-01-27,TORNTPHARM,1.5,0.0
2012-06-11,TORNTPHARM,0.625,0.0
2013-02-01,TORNTPHARM,1.5,0.0
2013-06-10,TORNTPHARM,4.25,0.0
2013-07-23,TORNTPHARM,0.0,2.0
2014-01-24,TORNTPHARM,2.5,0.0
2014-06-16,TORNTPHARM,2.5,0.0
2015-02-02,TORNTPHARM,2.5,0.0
2015-06-15,TORNTPHARM,3.125,0.0
2016-02-11,TORNTPHARM,10.0,0.0
2016-03-16,TORNTPHARM,7.5,0.0
2017-02-10,TORNTPHARM,5.0,0.0
2017-06-19,TORNTPHARM,2.0,0.0
2018-02-15,TORNTPHARM,4.5,0.0
2018-06-18,TORNTPHARM,2.5,0.0
2019-02-06,TORNTPHARM,6.5,0.0
2019-06-13,TORNTPHARM,2.0,0.0
2020-03-18,TORNTPHARM,16.0,0.0
2021-02-15,TORNTPHARM,10.0,0.0
2021-06-17,TORNTPHARM,7.5,0.0
2022-02-02,TORNTPHARM,12.5,0.0
2022-06-03,TORNTPHARM,11.5,0.0
2022-07-08,TORNTPHARM,0.0,2.0
2023-02-03,TORNTPHARM,14.0,0.0
2023-06-23,TORNTPHARM,8.0,0.0
2024-02-12,TORNTPHARM,22.0,0.0
2024-06-21,TORNTPHARM,6.0,0.0
2025-01-31,TORNTPHARM,26.0,0.0
2025-06-20,TORNTPHARM,6.0,0.0
2026-02-18,TORNTPHARM,29.0,0.0
2026-05-29,TORNTPHARM,9.0,0.0
2002-09-12,GLENMARK,0.6,0.0
2003-06-10,GLENMARK,0.65,0.0
2003-10-23,GLENMARK,0.0,5.0
2004-03-31,GLENMARK,0.65,0.0
2005-04-29,GLENMARK,0.35,0.0
2006-02-07,GLENMARK,0.35,0.0
2007-01-04,GLENMARK,0.4,0.0
2007-09-10,GLENMARK,0.0,2.0
2007-11-07,GLENMARK,0.7,0.0
2009-09-10,GLENMARK,0.4,0.0
2010-09-16,GLENMARK,0.4,0.0
2011-07-28,GLENMARK,0.4,0.0
2012-07-19,GLENMARK,2.0,0.0
2013-07-18,GLENMARK,2.0,0.0
2014-07-10,GLENMARK,2.0,0.0
2015-09-10,GLENMARK,2.0,0.0
2016-08-03,GLENMARK,2.0,0.0
2017-09-20,GLENMARK,2.0,0.0
2018-09-19,GLENMARK,2.0,0.0
2019-09-19,GLENMARK,2.0,0.0
2020-09-17,GLENMARK,2.5,0.0
2021-09-08,GLENMARK,2.5,0.0
2022-09-12,GLENMARK,2.5,0.0
2023-09-18,GLENMARK,2.5,0.0
2024-09-13,GLENMARK,2.5,0.0
2025-09-15,GLENMARK,2.5,0.0
2025-10-03,GLENMARK,2.5,0.0
2007-09-07,PFC,0.4,0.0
2008-02-11,PFC,1.0,0.0
2008-07-14,PFC,0.4,0.0
2009-02-24,PFC,1.06,0.0
2009-09-07,PFC,0.54,0.0
2010-02-03,PFC,1.2,0.0
2010-09-03,PFC,0.6,0.0
2011-01-21,PFC,1.4,0.0
2011-09-12,PFC,0.6,0.0
2012-02-08,PFC,2.0,0.0
2012-09-05,PFC,0.4,0.0
2013-02-04,PFC,2.4,0.0
2013-09-10,PFC,0.4,0.0
2014-02-07,PFC,3.52,0.0
2014-09-10,PFC,0.08,0.0
2015-03-04,PFC,3.4,0.0
2015-09-15,PFC,0.24,0.0
2015-12-23,PFC,3.52,0.0
2016-02-16,PFC,1.8,0.0
2016-08-11,PFC,0.24,0.0
2016-08-26,PFC,0.0,2.0
2017-03-30,PFC,4.0,0.0
2017-11-10,PFC,4.8,0.0
2018-03-06,PFC,1.44,0.0
2020-02-28,PFC,7.6,0.0
2021-03-19,PFC,6.4,0.0
2021-07-01,PFC,1.6,0.0
2021-08-31,PFC,1.8,0.0
2021-11-24,PFC,2.0,0.0
2022-02-25,PFC,4.8,0.0
2022-06-09,PFC,1.0,0.0
2022-09-01,PFC,1.8,0.0
2022-11-24,PFC,2.4,0.0
2023-02-24,PFC,2.8,0.0
2023-06-16,PFC,3.6,0.0
2023-09-21,PFC,0.0,1.25
2023-11-24,PFC,4.5,0.0
2024-02-20,PFC,3.5,0.0
2024-03-22,PFC,3.0,0.0
2024-07-26,PFC,2.5,0.0
2024-08-30,PFC,3.25,0.0
2024-11-25,PFC,3.5,0.0
2025-02-28,PFC,3.5,0.0
2025-03-19,PFC,3.5,0.0
2025-06-13,PFC,2.05,0.0
2025-08-18,PFC,3.7,0.0
2025-11-26,PFC,3.65,0.0
2026-02-20,PFC,4.0,0.0
2026-03-23,PFC,3.25,0.0
2026-07-31,PFC,3.95,0.0
2026-08-27,PFC,3.9,0.0
2008-09-08,RECLTD,1.125,0.0
2009-02-26,RECLTD,0.75,0.0
2009-09-03,RECLTD,0.9375,0.0
2010-01-04,RECLTD,1.125,0.0
2010-08-24,RECLTD,1.3125,0.0
2011-02-11,RECLTD,1.3125,0.0
2011-08-30,RECLTD,1.5,0.0
2012-01-30,RECLTD,1.875,0.0
2012-09-04,RECLTD,0.9375,0.0
2013-02-08,RECLTD,2.53125,0.0
2013-08-28,RECLTD,0.5625,0.0
2014-02-20,RECLTD,2.90625,0.0
2014-09-02,RECLTD,0.65625,0.0
2015-02-18,RECLTD,3.0,0.0
2015-09-09,RECLTD,1.0125,0.0
2016-02-17,RECLTD,4.5,0.0
2016-08-22,RECLTD,1.9125,0.0
2016-09-28,RECLTD,0.0,2.0
2017-02-27,RECLTD,5.25,0.0
2017-09-14,RECLTD,1.9875,0.0
2018-02-15,RECLTD,5.55,0.0
2018-09-17,RECLTD,1.3125,0.0
2019-03-11,RECLTD,8.25,0.0
2020-02-11,RECLTD,8.25,0.0
2020-11-13,RECLTD,4.5,0.0
2021-03-18,RECLTD,3.75,0.0
2021-08-13,RECLTD,1.5,0.0
2021-09-16,RECLTD,1.2825,0.0
2021-11-11,RECLTD,1.875,0.0
2022-02-15,RECLTD,4.5,0.0
2022-07-12,RECLTD,3.6,0.0
2022-08-17,RECLTD,0.0,1.3333333333333333
2022-11-07,RECLTD,5.0,0.0
2023-02-09,RECLTD,3.25,0.0
2023-07-14,RECLTD,4.35,0.0
2023-08-14,RECLTD,3.0,0.0
2023-11-13,RECLTD,3.5,0.0
2024-03-28,RECLTD,4.5,0.0
2024-06-28,RECLTD,5.0,0.0
2024-08-09,RECLTD,3.5,0.0
2024-11-08,RECLTD,4.0,0.0
2025-02-14,RECLTD,4.3,0.0
2025-03-26,RECLTD,3.6,0.0
2025-08-01,RECLTD,4.6,0.0
2025-08-14,RECLTD,2.6,0.0
2025-10-27,RECLTD,4.6,0.0
2026-02-06,RECLTD,4.6,0.0
2026-03-20,RECLTD,3.2,0.0
2026-07-31,RECLTD,4.25,0.0
2026-08-14,RECLTD,1.55,0.0
2002-09-03,CUMMINSIND,1.071429,0.0
2003-05-23,CUMMINSIND,2.857143,0.0
2003-12-05,CUMMINSIND,1.428571,0.0
2004-07-16,CUMMINSIND,1.428571,0.0
2005-02-11,CUMMINSIND,1.428571,0.0
2005-07-15,CUMMINSIND,1.428571,0.0
2006-03-02,CUMMINSIND,1.428571,0.0
2006-07-17,CUMMINSIND,1.428571,0.0
2007-02-08,CUMMINSIND,1.428571,0.0
2007-07-19,CUMMINSIND,1.428571,0.0
2008-02-14,CUMMINSIND,1.428571,0.0
2008-07-17,CUMMINSIND,1.857143,0.0
2008-12-15,CUMMINSIND,3.428571,0.0
2009-02-03,CUMMINSIND,2.857143,0.0
2009-07-23,CUMMINSIND,1.857143,0.0
2009-12-14,CUMMINSIND,4.285714,0.0
2010-08-05,CUMMINSIND,4.285714,0.0
2011-02-10,CUMMINSIND,5.0,0.0
2011-07-28,CUMMINSIND,5.714286,0.0
2011-09-20,CUMMINSIND,0.0,1.4
2012-02-21,CUMMINSIND,5.0,0.0
2012-07-26,CUMMINSIND,6.0,0.0
2013-02-11,CUMMINSIND,5.0,0.0
2013-07-25,CUMMINSIND,8.0,0.0
2014-02-13,CUMMINSIND,5.0,0.0
2014-07-24,CUMMINSIND,8.0,0.0
2014-09-18,CUMMINSIND,5.0,0.0
2015-07-30,CUMMINSIND,9.0,0.0
2016-02-11,CUMMINSIND,5.0,0.0
2016-07-28,CUMMINSIND,9.0,0.0
2017-02-09,CUMMINSIND,5.0,0.0
2017-07-27,CUMMINSIND,9.0,0.0
2018-02-15,CUMMINSIND,5.0,0.0
2018-08-02,CUMMINSIND,10.0,0.0
2019-02-15,CUMMINSIND,7.0,0.0
2019-07-31,CUMMINSIND,10.0,0.0
2020-02-07,CUMMINSIND,7.0,0.0
2020-08-17,CUMMINSIND,7.0,0.0
2021-02-09,CUMMINSIND,7.0,0.0
2021-08-04,CUMMINSIND,8.0,0.0
2022-02-21,CUMMINSIND,8.0,0.0
2022-08-02,CUMMINSIND,10.5,0.0
2023-02-21,CUMMINSIND,12.0,0.0
2023-07-26,CUMMINSIND,13.0,0.0
2024-02-21,CUMMINSIND,18.0,0.0
2024-07-19,CUMMINSIND,20.0,0.0
2025-02-14,CUMMINSIND,18.0,0.0
2025-07-18,CUMMINSIND,33.5,0.0
2026-02-11,CUMMINSIND,20.0,0.0
2026-07-17,CUMMINSIND,46.0,0.0
2006-08-18,EMAMILTD,0.333333,0.0
2007-03-22,EMAMILTD,0.5,0.0
2007-09-20,EMAMILTD,0.166667,0.0
2008-08-18,EMAMILTD,0.75,0.0
2009-12-22,EMAMILTD,0.75,0.0
2010-07-21,EMAMILTD,0.666667,2.0
2011-08-05,EMAMILTD,1.166667,0.0
2012-08-02,EMAMILTD,2.666667,0.0
2013-06-26,EMAMILTD,2.666667,1.5
2014-01-24,EMAMILTD,1.5,0.0
2014-08-01,EMAMILTD,2.0,0.0
2014-09-19,EMAMILTD,2.0,0.0
2015-07-28,EMAMILTD,1.5,0.0
2016-07-26,EMAMILTD,3.5,0.0
2017-03-14,EMAMILTD,0.875,0.0
2017-07-26,EMAMILTD,2.625,0.0
2018-06-21,EMAMILTD,7.0,2.0
2019-07-31,EMAMILTD,4.0,0.0
2019-11-14,EMAMILTD,2.0,0.0
2020-03-26,EMAMILTD,2.0,0.0
2020-11-12,EMAMILTD,4.0,0.0
2021-02-04,EMAMILTD,4.0,0.0
2021-11-08,EMAMILTD,4.0,0.0
2022-02-10,EMAMILTD,4.0,0.0
2022-11-18,EMAMILTD,4.0,0.0
2023-02-13,EMAMILTD,4.0,0.0
2023-11-15,EMAMILTD,4.0,0.0
2024-02-16,EMAMILTD,4.0,0.0
2024-11-18,EMAMILTD,4.0,0.0
2025-02-04,EMAMILTD,4.0,0.0
2025-05-22,EMAMILTD,4.0,0.0
2025-11-14,EMAMILTD,4.0,0.0
2026-02-10,EMAMILTD,6.0,0.0
2003-07-23,PNB,0.7,0.0
2003-12-19,PNB,0.5,0.0
2004-06-24,PNB,0.3,0.0
2005-02-25,PNB,0.6,0.0
2005-06-16,PNB,0.6,0.0
2005-11-29,PNB,0.6,0.0
2006-06-22,PNB,1.2,0.0
2007-02-14,PNB,0.8,0.0
2007-06-07,PNB,1.2,0.0
2008-05-29,PNB,2.6,0.0
2009-06-04,PNB,4.0,0.0
2010-02-04,PNB,2.0,0.0
2010-07-08,PNB,2.4,0.0
2011-06-16,PNB,4.4,0.0
2012-06-14,PNB,4.4,0.0
2013-06-13,PNB,5.4,0.0
2014-02-11,PNB,2.0,0.0
2014-12-18,PNB,0.0,5.0
2015-06-22,PNB,3.3,0.0
2022-06-22,PNB,0.64,0.0
2023-06-23,PNB,0.65,0.0
2024-06-21,PNB,1.5,0.0
2025-06-20,PNB,2.9,0.0
2026-06-12,PNB,3.0,0.0
2006-09-13,SUNTV,0.5,0.0
2007-02-13,SUNTV,0.75,0.0
2007-07-23,SUNTV,0.0,2.0
2008-08-12,SUNTV,2.5,0.0
2009-02-02,SUNTV,1.5,0.0
2009-08-20,SUNTV,1.0,0.0
2010-01-28,SUNTV,1.5,0.0
2010-07-22,SUNTV,6.0,0.0
2011-02-02,SUNTV,5.0,0.0
2011-08-05,SUNTV,2.5,0.0
2011-09-08,SUNTV,3.75,0.0
2011-11-08,SUNTV,3.75,0.0
2012-02-15,SUNTV,2.5,0.0
2012-02-16,SUNTV,2.5,0.0
2012-08-09,SUNTV,2.5,0.0
2012-09-13,SUNTV,0.75,0.0
2012-11-21,SUNTV,2.5,0.0
2013-01-28,SUNTV,2.5,0.0
2013-08-07,SUNTV,2.25,0.0
2013-09-12,SUNTV,2.0,0.0
2013-11-19,SUNTV,2.5,0.0
2014-02-13,SUNTV,2.5,0.0
2014-08-13,SUNTV,2.25,0.0
2014-09-17,SUNTV,2.25,0.0
2014-11-13,SUNTV,2.25,0.0
2015-02-11,SUNTV,6.75,0.0
2015-05-05,SUNTV,6.0,0.0
2016-02-17,SUNTV,2.0,0.0
2016-03-21,SUNTV,7.5,0.0
2017-02-17,SUNTV,5.0,0.0
2017-03-22,SUNTV,5.0,0.0
2017-08-21,SUNTV,2.5,0.0
2017-11-17,SUNTV,2.5,0.0
2018-02-16,SUNTV,2.5,0.0
2018-03-22,SUNTV,2.5,0.0
2018-08-20,SUNTV,5.0,0.0
2018-11-14,SUNTV,2.5,0.0
2019-02-15,SUNTV,2.5,0.0
2019-03-20,SUNTV,2.5,0.0
2019-08-20,SUNTV,2.5,0.0
2019-11-21,SUNTV,2.5,0.0
2020-02-24,SUNTV,7.5,0.0
2020-03-26,SUNTV,12.5,0.0
2021-02-17,SUNTV,5.0,0.0
2021-08-23,SUNTV,3.75,0.0
2021-11-12,SUNTV,2.5,0.0
2022-02-17,SUNTV,2.5,0.0
2022-03-17,SUNTV,5.0,0.0
2022-08-23,SUNTV,5.0,0.0
2022-11-18,SUNTV,3.75,0.0
2023-02-13,SUNTV,3.75,0.0
2023-03-21,SUNTV,2.5,0.0
2023-08-22,SUNTV,6.25,0.0
2023-11-21,SUNTV,5.0,0.0
2024-02-23,SUNTV,2.5,0.0
2024-04-08,SUNTV,3.0,0.0
2024-08-20,SUNTV,5.0,0.0
2024-11-26,SUNTV,5.0,0.0
2025-02-13,SUNTV,2.5,0.0
2025-03-13,SUNTV,2.5,0.0
2025-08-13,SUNTV,5.0,0.0
2025-11-20,SUNTV,3.75,0.0
2026-02-12,SUNTV,2.5,0.0
2026-03-12,SUNTV,1.25,0.0
2026-08-18,SUNTV,5.0,0.0
2002-07-02,LICHSGFIN,1.0,0.0
2003-07-08,LICHSGFIN,1.1,0.0
2004-07-27,LICHSGFIN,1.0,0.0
2005-07-26,LICHSGFIN,1.0,0.0
2006-07-19,LICHSGFIN,1.2,0.0
2007-03-26,LICHSGFIN,1.0,0.0
2007-06-28,LICHSGFIN,0.6,0.0
2008-06-13,LICHSGFIN,2.0,0.0
2009-06-29,LICHSGFIN,2.6,0.0
2010-06-29,LICHSGFIN,3.0,0.0
2010-12-30,LICHSGFIN,0.0,5.0
2011-07-04,LICHSGFIN,3.5,0.0
2012-07-06,LICHSGFIN,3.6,0.0
2013-07-09,LICHSGFIN,3.8,0.0
2014-08-07,LICHSGFIN,4.5,0.0
2015-08-07,LICHSGFIN,5.0,0.0
2016-08-09,LICHSGFIN,5.5,0.0
2017-08-08,LICHSGFIN,6.2,0.0
2018-08-09,LICHSGFIN,6.8,0.0
2019-08-16,LICHSGFIN,7.6,0.0
2020-09-17,LICHSGFIN,8.0,0.0
2021-09-16,LICHSGFIN,8.5,0.0
2022-09-19,LICHSGFIN,8.5,0.0
2023-08-18,LICHSGFIN,8.5,0.0
2024-08-23,LICHSGFIN,9.0,0.0
2025-08-22,LICHSGFIN,10.0,0.0
2026-08-21,LICHSGFIN,10.0,0.0
2002-09-12,BEL,0.050505,0.0
2003-08-29,BEL,0.070707,0.0
2004-09-07,BEL,0.10101,0.0
2004-12-07,BEL,0.040404,0.0
2005-08-31,BEL,0.072727,0.0
2005-10-31,BEL,0.040404,0.0
2006-09-01,BEL,0.107071,0.0
2007-01-25,BEL,0.040404,0.0
2007-09-07,BEL,0.141414,0.0
2008-01-30,BEL,0.060606,0.0
2008-09-12,BEL,0.148485,0.0
2009-01-28,BEL,0.060606,0.0
2009-09-14,BEL,0.128283,0.0
2010-02-03,BEL,0.060606,0.0
2010-09-13,BEL,0.133333,0.0
2011-02-02,BEL,0.060606,0.0
2011-09-13,BEL,0.157576,0.0
2012-02-01,BEL,0.10101,0.0
2012-09-07,BEL,0.109091,0.0
2013-01-30,BEL,0.060606,0.0
2013-09-06,BEL,0.164646,0.0
2014-01-29,BEL,0.060606,0.0
2014-09-12,BEL,0.174747,0.0
2015-01-28,BEL,0.060606,0.0
2015-08-10,BEL,0.234343,0.0
2015-09-14,BEL,0.0,3.0
2016-02-04,BEL,0.075758,0.0
2016-08-18,BEL,0.439394,0.0
2017-02-02,BEL,0.090909,0.0
2017-03-16,BEL,0.0,10.0
2017-03-29,BEL,0.272727,0.0
2017-08-14,BEL,0.318182,0.0
2017-09-28,BEL,0.0,1.1
2018-02-08,BEL,0.533333,0.0
2018-08-20,BEL,0.133333,0.0
2019-02-08,BEL,0.1,0.0
2019-03-27,BEL,0.233333,0.0
2019-08-20,BEL,0.566667,0.0
2020-02-11,BEL,0.466667,0.0
2020-09-15,BEL,0.466667,0.0
2021-02-08,BEL,0.466667,0.0
2021-03-23,BEL,0.466667,0.0
2021-09-14,BEL,0.4,0.0
2022-02-09,BEL,0.5,0.0
2022-03-24,BEL,0.5,0.0
2022-08-08,BEL,0.5,0.0
2022-09-15,BEL,0.0,3.0
2023-02-10,BEL,0.6,0.0
2023-03-24,BEL,0.6,0.0
2023-08-17,BEL,0.6,0.0
2024-02-09,BEL,0.7,0.0
2024-03-22,BEL,0.7,0.0
2024-08-14,BEL,0.8,0.0
2025-03-11,BEL,1.5,0.0
2025-08-14,BEL,0.9,0.0
2026-03-06,BEL,1.95,0.0
2026-08-13,BEL,0.55,0.0
2010-02-10,OIL,2.400001,0.0
2010-09-16,OIL,2.133334,0.0
2011-01-03,OIL,2.400001,0.0
2011-09-15,OIL,2.600001,0.0
2012-01-03,OIL,3.333334,0.0
2012-02-22,OIL,1.333334,0.0
2012-03-29,OIL,0.0,2.5
2012-09-06,OIL,1.666667,0.0
2013-01-23,OIL,3.666668,0.0
2013-03-21,OIL,4.000001,0.0
2013-09-12,OIL,2.333334,0.0
2014-02-03,OIL,3.666668,0.0
2014-03-26,OIL,3.333334,0.0
2014-09-18,OIL,0.166667,0.0
2015-03-24,OIL,3.333334,0.0
2015-09-16,OIL,3.333334,0.0
2016-01-19,OIL,2.666667,0.0
2016-09-15,OIL,2.666667,0.0
2017-01-12,OIL,0.0,1.3333333333333333
2017-02-13,OIL,4.222222,0.0
2017-09-14,OIL,2.111111,0.0
2018-02-21,OIL,6.222222,0.0
2018-03-27,OIL,0.0,1.5
2018-09-12,OIL,0.666667,0.0
2019-02-21,OIL,5.666667,0.0
2019-08-08,OIL,1.166667,0.0
2020-02-20,OIL,6.0,0.0
2020-09-21,OIL,1.066667,0.0
2021-02-23,OIL,2.333333,0.0
2021-09-16,OIL,1.0,0.0
2021-11-23,OIL,2.333333,0.0
2022-02-22,OIL,3.833333,0.0
2022-09-15,OIL,3.333333,0.0
2022-11-21,OIL,3.0,0.0
2023-02-22,OIL,6.666667,0.0
2023-08-25,OIL,3.666667,0.0
2023-11-22,OIL,2.333333,0.0
2024-03-18,OIL,5.666667,0.0
2024-07-02,OIL,0.0,1.5
2024-08-30,OIL,2.5,0.0
2024-11-14,OIL,3.0,0.0
2025-02-17,OIL,7.0,0.0
2025-09-04,OIL,1.5,0.0
2025-11-21,OIL,3.5,0.0
2026-02-18,OIL,7.0,0.0
2004-03-16,BHEL,0.2,0.0
2004-09-06,BHEL,0.2,0.0
2004-12-24,BHEL,0.233333,0.0
2005-09-06,BHEL,0.3,0.0
2005-12-22,BHEL,0.266667,0.0
2006-03-22,BHEL,0.566667,0.0
2006-09-01,BHEL,0.133333,0.0
2007-02-13,BHEL,0.833333,0.0
2007-05-31,BHEL,0.0,2.0
2007-08-30,BHEL,0.8,0.0
2008-02-13,BHEL,1.2,0.0
2008-09-01,BHEL,0.833333,0.0
2009-02-17,BHEL,1.2,0.0
2009-09-01,BHEL,1.066667,0.0
2010-02-09,BHEL,1.466667,0.0
2010-09-01,BHEL,1.64,0.0
2011-03-18,BHEL,1.766667,0.0
2011-08-10,BHEL,2.386667,0.0
2011-09-02,BHEL,2.386667,0.0
2011-10-03,BHEL,0.0,5.0
2012-03-06,BHEL,1.813333,0.0
2012-09-06,BHEL,2.453333,0.0
2013-02-05,BHEL,1.413333,0.0
2013-09-06,BHEL,2.193333,0.0
2014-02-07,BHEL,0.873333,0.0
2014-09-08,BHEL,1.013333,0.0
2015-02-16,BHEL,0.36,0.0
2015-09-14,BHEL,0.413333,0.0
2016-09-14,BHEL,0.266667,0.0
2017-02-14,BHEL,0.533333,0.0
2017-08-23,BHEL,0.52,0.0
2017-09-28,BHEL,0.0,1.5
2018-02-15,BHEL,0.8,0.0
2018-09-11,BHEL,1.02,0.0
2019-02-12,BHEL,0.8,0.0
2019-09-11,BHEL,1.2,0.0
2022-09-15,BHEL,0.4,0.0
2023-08-11,BHEL,0.4,0.0
2024-08-09,BHEL,0.25,0.0
2025-08-01,BHEL,0.5,0.0
2026-07-17,BHEL,1.4,0.0
2002-08-09,MRF,3.0,
2002-11-13,MRF,3.0,
2003-03-04,MRF,14.0,
2003-08-06,MRF,3.0,
2004-02-26,MRF,14.0,
2004-08-04,MRF,3.0,
2004-11-01,MRF,3.0,
2005-03-03,MRF,14.0,
2005-08-01,MRF,3.0,
2005-10-31,MRF,3.0,
2006-03-10,MRF,14.0,
2006-08-03,MRF,3.0,
2006-11-14,MRF,3.0,
2007-03-09,MRF,14.0,
2007-08-10,MRF,3.0,
2007-11-07,MRF,3.0,
2008-03-05,MRF,14.0,
2008-08-08,MRF,3.0,
2008-11-06,MRF,3.0,
2009-03-06,MRF,14.0,
2009-08-06,MRF,3.0,
2009-11-05,MRF,3.0,
2010-02-25,MRF,19.0,
2010-08-06,MRF,3.0,
2010-11-02,MRF,3.0,
2011-01-28,MRF,44.0,
2011-08-09,MRF,3.0,
2011-11-02,MRF,3.0,
2012-01-30,MRF,19.0,
2012-08-06,MRF,3.0,
2012-11-07,MRF,3.0,
2013-01-30,MRF,19.0,
2013-08-06,MRF,3.0,
2013-11-05,MRF,3.0,
2014-01-30,MRF,24.0,
2014-08-06,MRF,3.0,
2014-11-13,MRF,3.0,
2015-02-04,MRF,44.0,
2015-08-06,MRF,3.0,
2015-11-10,MRF,3.0,
2016-08-03,MRF,94.0,
2016-11-08,MRF,3.0,
2017-02-14,MRF,3.0,
2017-07-27,MRF,54.0,
2017-11-21,MRF,3.0,
2018-02-09,MRF,3.0,
2018-08-01,MRF,54.0,
2018-11-19,MRF,3.0,
2019-02-15,MRF,3.0,
2019-08-01,MRF,54.0,
2019-11-21,MRF,3.0,
2020-02-18,MRF,3.0,
2020-09-14,MRF,94.0,
2020-11-18,MRF,3.0,
2021-02-17,MRF,3.0,
2021-08-04,MRF,144.0,
2021-11-17,MRF,3.0,
2022-02-17,MRF,3.0,
2022-07-27,MRF,144.0,
2022-11-17,MRF,3.0,
2023-02-21,MRF,3.0,
2023-07-20,MRF,169.0,
2023-11-17,MRF,3.0,
2024-02-21,MRF,3.0,
2024-07-25,MRF,194.0,
2024-11-19,MRF,3.0,
2025-02-14,MRF,3.0,
2025-07-18,MRF,229.0,
2025-11-21,MRF,3.0,
2026-02-13,MRF,3.0,
2026-07-17,MRF,229.0,
1997-08-04,SAIL,0.25,
1998-08-12,SAIL,0.1,
2005-01-31,SAIL,1.5,
2005-08-11,SAIL,1.8,
2006-02-01,SAIL,1.25,
2006-08-10,SAIL,0.75,
2007-02-01,SAIL,1.6,
2007-08-08,SAIL,1.5,
2008-02-01,SAIL,1.9,
2008-07-31,SAIL,1.8,
2009-01-30,SAIL,1.3,
2009-07-30,SAIL,1.3,
2010-02-01,SAIL,1.6,
2010-07-29,SAIL,1.7,
2011-01-18,SAIL,1.2,
2011-08-10,SAIL,1.2,
2012-02-15,SAIL,1.2,
2012-08-09,SAIL,0.8,
2013-02-15,SAIL,1.6,
2013-08-02,SAIL,0.4,
2014-02-18,SAIL,2.02,
2015-02-18,SAIL,1.75,
2015-08-11,SAIL,0.25,
2019-08-22,SAIL,0.5,
2021-02-04,SAIL,1.0,
2021-09-20,SAIL,1.8,
2021-11-09,SAIL,4.0,
2022-03-28,SAIL,2.5,
2022-07-28,SAIL,2.25,
2023-03-24,SAIL,1.0,
2023-09-20,SAIL,0.5,
2024-02-20,SAIL,1.0,
2024-09-19,SAIL,1.0,
2025-09-08,SAIL,1.6,
2010-06-24,YESBANK,0.3,0.0
2011-06-17,YESBANK,0.5,0.0
2012-07-05,YESBANK,0.8,0.0
2013-05-23,YESBANK,1.2,0.0
2014-05-29,YESBANK,1.6,0.0
2015-05-21,YESBANK,1.8,0.0
2016-05-30,YESBANK,2.0,0.0
2017-05-29,YESBANK,2.4,0.0
2017-09-21,YESBANK,0.0,5.0
2018-06-04,YESBANK,2.7,0.0
2019-06-03,YESBANK,2.0,0.0
2002-07-04,ASHOKLEY,1.125,0.0
2003-06-30,ASHOKLEY,1.25,0.0
2004-06-28,ASHOKLEY,1.875,0.0
2005-07-07,ASHOKLEY,0.25,0.0
2006-07-12,ASHOKLEY,0.3,0.0
2007-03-28,ASHOKLEY,0.375,0.0
2008-07-16,ASHOKLEY,0.375,0.0
2009-07-14,ASHOKLEY,0.25,0.0
2010-07-16,ASHOKLEY,0.375,0.0
2011-06-29,ASHOKLEY,0.5,0.0
2011-08-02,ASHOKLEY,0.0,2.0
2012-07-12,ASHOKLEY,0.5,0.0
2013-07-04,ASHOKLEY,0.3,0.0
2015-06-17,ASHOKLEY,0.225,0.0
2016-07-13,ASHOKLEY,0.475,0.0
2017-07-11,ASHOKLEY,0.78,0.0
2018-07-09,ASHOKLEY,1.215,0.0
2019-07-23,ASHOKLEY,1.55,0.0
2020-03-19,ASHOKLEY,0.25,0.0
2021-08-31,ASHOKLEY,0.3,0.0
2022-07-14,ASHOKLEY,0.5,0.0
2023-07-07,ASHOKLEY,1.3,0.0
2024-04-03,ASHOKLEY,2.475,0.0
2024-11-19,ASHOKLEY,1.0,0.0
2025-05-22,ASHOKLEY,2.125,0.0
2025-07-16,ASHOKLEY,0.0,2.0
2025-11-18,ASHOKLEY,1.0,0.0
2026-06-03,ASHOKLEY,2.5,0.0
2013-09-05,IDEA,0.180891,
2014-09-18,IDEA,0.241188,
2015-09-18,IDEA,0.361781,
2016-09-22,IDEA,0.361781,
2018-06-27,NIACL,5.0,2.0
2019-07-18,NIACL,1.5,0.0
2022-08-25,NIACL,0.3,0.0
2023-09-08,NIACL,1.93,0.0
2024-09-06,NIACL,2.06,0.0
2025-09-04,NIACL,1.8,0.0
2026-07-10,NIACL,1.5,0.0
1998-08-03,VEDL,0.0625,0.0
1999-08-30,VEDL,0.0625,0.0
2000-04-13,VEDL,0.0375,0.0
2001-07-23,VEDL,0.075,0.0
2002-06-20,VEDL,0.075,0.0
2003-09-09,VEDL,0.0625,0.0
2004-02-12,VEDL,0.05,0.0
2004-06-28,VEDL,0.2,0.0
2005-01-06,VEDL,0.125,0.0
2005-02-16,VEDL,0.0,2.0
2005-07-11,VEDL,1.0,0.0
2006-03-13,VEDL,0.75,0.0
2006-12-04,VEDL,1.25,0.0
2007-02-19,VEDL,0.75,0.0
2007-09-21,VEDL,1.25,0.0
2008-02-06,VEDL,0.75,0.0
2008-07-11,VEDL,1.5,0.0
2008-08-08,VEDL,0.0,10.0
2009-07-31,VEDL,2.25,0.0
2010-07-02,VEDL,3.25,0.0
2011-06-30,VEDL,3.5,0.0
2012-02-01,VEDL,2.0,0.0
2012-06-08,VEDL,2.0,0.0
2013-05-31,VEDL,0.1,0.0
2013-11-06,VEDL,1.5,0.0
2014-07-04,VEDL,1.75,0.0
2014-11-03,VEDL,1.75,0.0
2015-07-06,VEDL,2.35,0.0
2015-10-30,VEDL,3.5,0.0
2016-11-07,VEDL,1.75,0.0
2017-04-11,VEDL,17.7,0.0
2018-03-20,VEDL,21.2,0.0
2018-11-06,VEDL,17.0,0.0
2019-03-13,VEDL,1.85,0.0
2020-03-05,VEDL,3.9,0.0
2020-10-28,VEDL,9.5,0.0
2021-09-08,VEDL,18.5,0.0
2021-12-17,VEDL,13.5,0.0
2022-03-09,VEDL,13.0,0.0
2022-05-06,VEDL,31.5,0.0
2022-07-26,VEDL,19.5,0.0
2022-11-29,VEDL,17.5,0.0
2023-02-03,VEDL,12.5,0.0
2023-04-06,VEDL,20.5,0.0
2023-05-30,VEDL,18.5,0.0
2023-12-27,VEDL,11.0,0.0
2024-05-24,VEDL,11.0,0.0
2024-08-02,VEDL,4.0,0.0
2024-09-10,VEDL,20.0,0.0
2024-12-24,VEDL,8.5,0.0
2025-06-24,VEDL,7.0,0.0
2025-08-26,VEDL,16.0,0.0
2026-03-27,VEDL,11.0,0.0
2007-08-27,PAGEIND,6.0,
2008-02-04,PAGEIND,4.0,
2008-06-09,PAGEIND,6.0,
2008-11-03,PAGEIND,4.0,
2009-02-04,PAGEIND,4.0,
2009-04-15,PAGEIND,7.0,
2009-06-19,PAGEIND,2.0,
2009-07-22,PAGEIND,3.0,
2009-11-04,PAGEIND,6.0,
2010-02-03,PAGEIND,6.0,
2010-06-18,PAGEIND,10.0,
2010-11-18,PAGEIND,8.0,
2011-02-17,PAGEIND,4.0,
2011-06-02,PAGEIND,5.0,
2011-08-01,PAGEIND,4.0,
2011-11-16,PAGEIND,12.0,
2012-02-15,PAGEIND,10.0,
2012-06-05,PAGEIND,10.0,
2012-07-13,PAGEIND,10.0,
2012-11-15,PAGEIND,12.0,
2013-02-20,PAGEIND,14.0,
2013-06-05,PAGEIND,14.0,
2013-07-30,PAGEIND,14.0,
2013-11-21,PAGEIND,15.0,
2014-02-17,PAGEIND,15.0,
2014-06-04,PAGEIND,16.0,
2014-08-05,PAGEIND,16.0,
2014-11-17,PAGEIND,18.0,
2015-02-16,PAGEIND,18.0,
2015-06-04,PAGEIND,19.0,
2015-08-05,PAGEIND,20.0,
2015-11-16,PAGEIND,21.0,
2016-02-17,PAGEIND,21.0,
2016-05-31,PAGEIND,22.0,
2016-08-03,PAGEIND,24.0,
2016-11-17,PAGEIND,25.0,
2017-02-16,PAGEIND,25.0,
2017-06-01,PAGEIND,26.0,
2017-08-02,PAGEIND,25.0,
2017-11-16,PAGEIND,35.0,
2018-02-15,PAGEIND,35.0,
2018-05-31,PAGEIND,35.0,
2018-08-23,PAGEIND,41.0,
2018-11-20,PAGEIND,151.0,
2019-02-21,PAGEIND,111.0,
2019-05-30,PAGEIND,41.0,
2019-08-19,PAGEIND,51.0,
2019-11-21,PAGEIND,52.0,
2020-02-18,PAGEIND,58.0,
2020-11-19,PAGEIND,100.0,
2021-02-17,PAGEIND,150.0,
2021-08-18,PAGEIND,50.0,
2021-11-17,PAGEIND,150.0,
2022-02-17,PAGEIND,100.0,
2022-06-02,PAGEIND,70.0,
2022-08-18,PAGEIND,60.0,
2022-11-17,PAGEIND,70.0,
2023-02-17,PAGEIND,60.0,
2023-06-02,PAGEIND,60.0,
2023-08-18,PAGEIND,75.0,
2023-11-17,PAGEIND,75.0,
2024-02-16,PAGEIND,100.0,
2024-05-31,PAGEIND,120.0,
2024-08-16,PAGEIND,300.0,
2024-11-14,PAGEIND,250.0,
2025-02-13,PAGEIND,150.0,
2025-05-21,PAGEIND,200.0,
2025-08-13,PAGEIND,150.0,
2025-11-19,PAGEIND,125.0,
2026-02-11,PAGEIND,125.0,
2026-05-27,PAGEIND,150.0,
2026-08-19,PAGEIND,200.0,
2002-10-21,ZEEL,0.275,0.0
2003-09-22,ZEEL,0.275,0.0
2004-09-20,ZEEL,0.5,0.0
2005-09-20,ZEEL,0.5,0.0
2006-12-18,ZEEL,0.5,0.0
2007-08-08,ZEEL,0.75,0.0
2008-07-17,ZEEL,1.0,0.0
2009-08-06,ZEEL,1.0,0.0
2010-04-29,ZEEL,1.0,0.0
2010-10-07,ZEEL,1.0,0.0
2010-11-11,ZEEL,0.0,2.0
2011-07-28,ZEEL,2.0,0.0
2012-07-05,ZEEL,1.5,0.0
2013-07-11,ZEEL,2.0,0.0
2014-07-10,ZEEL,2.0,0.0
2015-07-09,ZEEL,2.25,0.0
2016-07-21,ZEEL,2.25,0.0
2017-07-05,ZEEL,2.5,0.0
2018-07-09,ZEEL,2.9,0.0
2019-07-15,ZEEL,3.5,0.0
2020-09-10,ZEEL,0.3,0.0
2021-09-02,ZEEL,2.5,0.0
2022-09-15,ZEEL,3.0,0.0
2024-11-08,ZEEL,1.0,0.0
2025-08-29,ZEEL,2.43,0.0
2010-09-07,NHPC,0.55,
2011-09-02,NHPC,0.6,
2012-08-31,NHPC,0.7,
2013-08-30,NHPC,0.6,
2014-09-11,NHPC,0.3,
2015-01-29,NHPC,0.2,
2015-09-10,NHPC,0.4,
2016-02-18,NHPC,0.92,
2016-09-08,NHPC,0.58,
2017-01-19,NHPC,1.7,
2017-09-13,NHPC,0.1,
2018-02-20,NHPC,1.12,
2018-09-12,NHPC,0.28,
2019-02-18,NHPC,0.71,
2019-09-12,NHPC,0.75,
2020-02-17,NHPC,1.18,
2020-09-17,NHPC,0.32,
2021-02-22,NHPC,1.25,
2021-09-16,NHPC,0.35,
2022-02-22,NHPC,1.31,
2022-08-10,NHPC,0.5,
2023-02-17,NHPC,1.4,
2023-08-22,NHPC,0.45,
2024-02-22,NHPC,1.4,
2024-08-12,NHPC,0.5,
2025-02-13,NHPC,1.4,
2025-08-14,NHPC,0.51,
2026-02-10,NHPC,1.4,
2026-08-12,NHPC,0.21,
2002-08-27,OFSS,0.625,0.0
2003-07-24,OFSS,1.25,0.0
2003-09-05,OFSS,0.0,2.0
2004-08-12,OFSS,3.5,0.0
2005-08-04,OFSS,5.0,0.0
2006-08-03,OFSS,5.0,0.0
2014-09-24,OFSS,485.0,0.0
2015-09-03,OFSS,180.0,0.0
2016-08-30,OFSS,100.0,0.0
2017-04-19,OFSS,170.0,0.0
2018-08-06,OFSS,130.0,0.0
2020-05-19,OFSS,180.0,0.0
2021-05-17,OFSS,200.0,0.0
2022-05-13,OFSS,190.0,0.0
2023-05-09,OFSS,225.0,0.0
2024-05-07,OFSS,240.0,0.0
2025-05-08,OFSS,265.0,0.0
2025-11-03,OFSS,130.0,0.0
2026-05-07,OFSS,270.0,0.0
2018-07-12,GICRE,13.5,2.0
2019-07-19,GICRE,6.75,0.0
2022-06-07,GICRE,2.25,0.0
2023-09-08,GICRE,7.2,0.0
2024-09-11,GICRE,10.0,0.0
2025-09-04,GICRE,10.0,0.0
2002-09-09,CONCOR,0.853333,0.0
2003-09-17,CONCOR,0.938667,0.0
2004-09-08,CONCOR,1.066667,0.0
2005-01-27,CONCOR,0.512,0.0
2005-09-14,CONCOR,0.725333,0.0
2006-02-01,CONCOR,0.64,0.0
2006-03-03,CONCOR,0.213333,0.0
2006-08-16,CONCOR,0.682667,0.0
2007-01-31,CONCOR,0.938667,0.0
2007-08-08,CONCOR,0.938667,0.0
2008-02-14,CONCOR,0.938667,0.0
2008-04-16,CONCOR,0.0,2.0
2008-08-12,CONCOR,1.28,0.0
2009-02-09,CONCOR,1.024,0.0
2009-09-04,CONCOR,1.365333,0.0
2009-12-30,CONCOR,1.024,0.0
2010-02-01,CONCOR,1.024,0.0
2010-09-03,CONCOR,1.365333,0.0
2011-01-28,CONCOR,1.28,0.0
2011-09-06,CONCOR,1.365333,0.0
2012-02-15,CONCOR,1.28,0.0
2012-02-16,CONCOR,1.28,0.0
2012-09-05,CONCOR,1.536,0.0
2013-02-11,CONCOR,1.365333,0.0
2013-08-01,CONCOR,1.621333,0.0
2013-09-06,CONCOR,0.0,1.5
2014-02-13,CONCOR,1.792,0.0
2014-08-27,CONCOR,1.3568,0.0
2015-02-24,CONCOR,2.048,0.0
2015-08-27,CONCOR,1.3824,0.0
2016-02-05,CONCOR,2.048,0.0
2016-09-02,CONCOR,1.408,0.0
2017-02-22,CONCOR,2.4576,0.0
2017-04-05,CONCOR,0.0,1.25
2017-09-12,CONCOR,2.4,0.0
2018-02-06,CONCOR,3.072,0.0
2018-06-26,CONCOR,0.0,2.0
2018-09-11,CONCOR,2.4,0.0
2019-02-04,CONCOR,0.0,1.25
2019-08-19,CONCOR,6.84,0.0
2020-02-18,CONCOR,0.6,0.0
2020-09-21,CONCOR,2.28,0.0
2020-11-18,CONCOR,2.4,0.0
2021-09-21,CONCOR,1.6,0.0
2021-11-02,CONCOR,3.2,0.0
2022-02-02,CONCOR,1.6,0.0
2022-08-17,CONCOR,1.6,0.0
2022-09-20,CONCOR,2.4,0.0
2022-11-22,CONCOR,2.4,0.0
2023-02-06,CONCOR,3.2,0.0
2023-08-18,CONCOR,1.6,0.0
2023-09-18,CONCOR,1.6,0.0
2023-11-16,CONCOR,2.4,0.0
2024-02-07,CONCOR,3.2,0.0
2024-08-16,CONCOR,1.6,0.0
2024-09-17,CONCOR,2.0,0.0
2024-11-14,CONCOR,2.6,0.0
2025-02-06,CONCOR,3.4,0.0
2025-06-06,CONCOR,1.6,0.0
2025-07-04,CONCOR,0.0,1.25
2025-08-13,CONCOR,1.6,0.0
2025-11-20,CONCOR,2.6,0.0
2026-02-09,CONCOR,3.4,0.0
2026-08-04,CONCOR,1.6,0.0
2007-02-08,HINDZINC,0.25,0.0
2007-09-12,HINDZINC,0.25,0.0
2007-11-08,HINDZINC,0.25,0.0
2008-08-12,HINDZINC,0.25,0.0
2009-07-29,HINDZINC,0.4,0.0
2010-07-22,HINDZINC,0.6,0.0
2011-03-07,HINDZINC,0.0,5.0
2011-06-16,HINDZINC,1.0,0.0
2011-10-25,HINDZINC,1.5,0.0
2012-06-28,HINDZINC,0.9,0.0
2012-10-23,HINDZINC,1.6,0.0
2013-05-09,HINDZINC,1.5,0.0
2013-10-28,HINDZINC,1.6,0.0
2014-05-19,HINDZINC,1.9,0.0
2014-09-22,HINDZINC,1.9,0.0
2015-05-12,HINDZINC,2.5,0.0
2015-10-23,HINDZINC,3.8,0.0
2016-04-06,HINDZINC,24.0,0.0
2016-11-04,HINDZINC,1.9,0.0
2017-03-29,HINDZINC,27.5,0.0
2017-11-01,HINDZINC,2.0,0.0
2018-03-23,HINDZINC,6.0,0.0
2018-10-31,HINDZINC,20.0,0.0
2020-05-19,HINDZINC,16.5,0.0
2020-10-27,HINDZINC,21.3,0.0
2021-12-14,HINDZINC,18.0,0.0
2022-07-20,HINDZINC,21.0,0.0
2022-11-23,HINDZINC,15.5,0.0
2023-01-30,HINDZINC,13.0,0.0
2023-03-29,HINDZINC,26.0,0.0
2023-07-14,HINDZINC,7.0,0.0
2023-12-14,HINDZINC,6.0,0.0
2024-05-15,HINDZINC,10.0,0.0
2024-08-28,HINDZINC,19.0,0.0
2025-06-17,HINDZINC,10.0,0.0
2026-04-30,HINDZINC,11.0,0.0
2002-07-02,BANKBARODA,0.8,0.0
2003-02-26,BANKBARODA,0.4,0.0
2003-07-21,BANKBARODA,0.8,0.0
2003-12-11,BANKBARODA,0.6,0.0
2004-06-02,BANKBARODA,0.7,0.0
2005-02-16,BANKBARODA,0.36,0.0
2005-05-30,BANKBARODA,0.64,0.0
2006-06-29,BANKBARODA,1.0,0.0
2007-03-22,BANKBARODA,0.6,0.0
2007-06-21,BANKBARODA,0.6,0.0
2008-07-17,BANKBARODA,1.6,0.0
2009-06-18,BANKBARODA,1.8,0.0
2010-06-24,BANKBARODA,3.0,0.0
2011-06-23,BANKBARODA,3.3,0.0
2012-06-14,BANKBARODA,3.4,0.0
2013-06-13,BANKBARODA,4.3,0.0
2014-01-20,BANKBARODA,2.2,0.0
2014-06-12,BANKBARODA,2.1,0.0
2015-01-22,BANKBARODA,0.0,5.0
2015-06-16,BANKBARODA,3.2,0.0
2017-06-22,BANKBARODA,1.2,0.0
2022-06-17,BANKBARODA,2.85,0.0
2023-06-30,BANKBARODA,5.5,0.0
2024-06-28,BANKBARODA,7.6,0.0
2025-06-06,BANKBARODA,8.35,0.0
2026-06-05,BANKBARODA,8.5,0.0
2007-05-30,PETRONET,0.625,0.0
2008-05-22,PETRONET,0.75,0.0
2009-06-11,PETRONET,0.875,0.0
2010-06-10,PETRONET,0.875,0.0
2011-06-16,PETRONET,1.0,0.0
2012-06-21,PETRONET,1.25,0.0
2013-06-20,PETRONET,1.25,0.0
2014-09-04,PETRONET,1.0,0.0
2015-09-15,PETRONET,1.0,0.0
2016-09-12,PETRONET,1.25,0.0
2017-07-03,PETRONET,0.0,2.0
2017-09-07,PETRONET,2.5,0.0
2018-09-06,PETRONET,4.5,0.0
2018-11-15,PETRONET,5.5,0.0
2019-08-19,PETRONET,4.5,0.0
2019-11-07,PETRONET,5.5,0.0
2020-07-15,PETRONET,7.0,0.0
2020-11-23,PETRONET,8.0,0.0
2021-07-01,PETRONET,3.5,0.0
2021-11-17,PETRONET,7.0,0.0
2022-07-04,PETRONET,4.5,0.0
2022-11-21,PETRONET,7.0,0.0
2023-08-18,PETRONET,3.0,0.0
2023-11-10,PETRONET,7.0,0.0
2024-07-12,PETRONET,3.0,0.0
2024-11-08,PETRONET,7.0,0.0
2025-07-04,PETRONET,3.0,0.0
2025-11-14,PETRONET,7.0,0.0
2026-06-12,PETRONET,3.0,0.0
2008-03-28,ABBOTINDIA,17.5,
2009-03-09,ABBOTINDIA,14.0,
2010-03-03,ABBOTINDIA,17.0,
2011-04-19,ABBOTINDIA,17.0,
2012-05-04,ABBOTINDIA,17.0,
2013-04-16,ABBOTINDIA,17.0,
2014-07-23,ABBOTINDIA,23.0,
2015-07-22,ABBOTINDIA,31.0,
2016-07-08,ABBOTINDIA,35.0,
2017-07-10,ABBOTINDIA,40.0,
2018-07-10,ABBOTINDIA,55.0,
2019-08-13,ABBOTINDIA,65.0,
2020-08-28,ABBOTINDIA,250.0,
2021-07-19,ABBOTINDIA,275.0,
2022-08-02,ABBOTINDIA,275.0,
2023-07-21,ABBOTINDIA,325.0,
2024-07-19,ABBOTINDIA,410.0,
2025-07-25,ABBOTINDIA,475.0,
2026-07-24,ABBOTINDIA,656.0,
2016-03-18,ALKEM,9.7,
2016-11-23,ALKEM,6.0,
2017-08-31,ALKEM,9.0,
2018-02-16,ALKEM,6.0,
2018-08-23,ALKEM,7.0,
2019-02-15,ALKEM,8.0,
2019-08-19,ALKEM,8.0,
2020-02-13,ALKEM,22.0,
2020-08-10,ALKEM,3.0,
2021-02-11,ALKEM,25.0,
2021-08-09,ALKEM,5.0,
2022-02-10,ALKEM,30.0,
2022-08-08,ALKEM,4.0,
2023-02-17,ALKEM,40.0,
2023-08-10,ALKEM,10.0,
2024-02-16,ALKEM,35.0,
2024-08-09,ALKEM,5.0,
2025-02-14,ALKEM,37.0,
2025-08-08,ALKEM,8.0,
2026-02-20,ALKEM,43.0,
2026-08-07,ALKEM,10.0,
2004-09-14,IGL,0.15,0.0
2005-09-02,IGL,0.2,0.0
2006-09-04,IGL,0.25,0.0
2007-09-04,IGL,0.3,0.0
2008-07-14,IGL,0.4,0.0
2009-07-20,IGL,0.4,0.0
2010-08-17,IGL,0.45,0.0
2011-07-19,IGL,0.5,0.0
2012-07-24,IGL,0.5,0.0
2013-08-20,IGL,0.55,0.0
2014-09-02,IGL,0.55,0.0
2015-09-09,IGL,0.6,0.0
2016-09-16,IGL,0.6,0.0
2016-11-29,IGL,0.35,0.0
2017-09-18,IGL,0.5,0.0
2017-11-09,IGL,0.0,5.0
2018-09-14,IGL,1.0,0.0
2019-09-12,IGL,1.2,0.0
2020-09-17,IGL,1.4,0.0
2021-09-16,IGL,1.8,0.0
2022-09-15,IGL,2.75,0.0
2023-02-07,IGL,1.5,0.0
2023-03-31,IGL,5.0,0.0
2023-11-15,IGL,2.0,0.0
2024-09-13,IGL,2.5,0.0
2024-11-12,IGL,2.75,0.0
2025-01-31,IGL,0.0,2.0
2025-09-15,IGL,1.5,0.0
2026-02-18,IGL,3.25,0.0
2001-09-12,AUROPHARMA,0.15,0.0
2002-09-19,AUROPHARMA,0.15,0.0
2003-09-08,AUROPHARMA,0.175,0.0
2003-10-23,AUROPHARMA,0.0,2.0
2004-07-22,AUROPHARMA,0.225,0.0
2005-09-20,AUROPHARMA,0.05,0.0
2006-09-08,AUROPHARMA,0.15,0.0
2007-09-14,AUROPHARMA,0.25,0.0
2008-08-11,AUROPHARMA,0.325,0.0
2009-02-05,AUROPHARMA,0.3,0.0
2009-12-16,AUROPHARMA,0.15,0.0
2010-02-05,AUROPHARMA,0.3,0.0
2010-09-13,AUROPHARMA,1.0,0.0
2010-11-11,AUROPHARMA,0.5,0.0
2011-02-10,AUROPHARMA,0.0,5.0
2011-07-20,AUROPHARMA,0.5,0.0
2012-07-30,AUROPHARMA,0.5,0.0
2013-02-18,AUROPHARMA,0.5,0.0
2013-07-30,AUROPHARMA,0.25,0.0
2013-11-19,AUROPHARMA,0.625,0.0
2014-06-11,AUROPHARMA,0.875,0.0
2014-08-13,AUROPHARMA,0.75,0.0
2015-02-16,AUROPHARMA,1.0,0.0
2015-06-08,AUROPHARMA,0.5,0.0
2015-07-20,AUROPHARMA,0.0,2.0
2015-08-21,AUROPHARMA,0.5,0.0
2015-11-19,AUROPHARMA,0.6,0.0
2016-02-18,AUROPHARMA,0.7,0.0
2016-06-09,AUROPHARMA,0.7,0.0
2016-11-24,AUROPHARMA,1.25,0.0
2017-06-08,AUROPHARMA,1.25,0.0
2017-11-21,AUROPHARMA,1.5,0.0
2018-02-20,AUROPHARMA,1.0,0.0
2018-11-20,AUROPHARMA,1.25,0.0
2019-02-15,AUROPHARMA,1.25,0.0
2019-11-21,AUROPHARMA,1.25,0.0
2020-02-17,AUROPHARMA,1.75,0.0
2020-08-21,AUROPHARMA,1.25,0.0
2020-11-23,AUROPHARMA,1.25,0.0
2021-02-22,AUROPHARMA,1.5,0.0
2021-08-27,AUROPHARMA,1.5,0.0
2021-11-17,AUROPHARMA,1.5,0.0
2022-02-18,AUROPHARMA,1.5,0.0
2022-06-06,AUROPHARMA,4.5,0.0
2023-02-17,AUROPHARMA,3.0,0.0
2023-11-20,AUROPHARMA,3.0,0.0
2024-02-20,AUROPHARMA,1.5,0.0
2025-08-08,AUROPHARMA,4.0,0.0
1997-07-14,HINDPETRO,0.395062,0.0
1999-06-30,HINDPETRO,1.08642,0.0
1999-10-11,HINDPETRO,0.0,1.5
2000-04-17,HINDPETRO,1.185185,0.0
2000-07-27,HINDPETRO,0.444444,0.0
2001-08-16,HINDPETRO,1.481481,0.0
2002-08-02,HINDPETRO,1.481481,0.0
2003-02-03,HINDPETRO,0.296296,0.0
2003-09-05,HINDPETRO,2.666667,0.0
2003-12-29,HINDPETRO,0.888889,0.0
2004-08-23,HINDPETRO,2.37037,0.0
2004-12-14,HINDPETRO,0.740741,0.0
2005-09-02,HINDPETRO,1.481481,0.0
2006-08-18,HINDPETRO,0.444444,0.0
2006-12-27,HINDPETRO,0.888889,0.0
2007-08-17,HINDPETRO,1.777778,0.0
2008-09-02,HINDPETRO,0.444444,0.0
2009-08-13,HINDPETRO,0.777778,0.0
2010-09-03,HINDPETRO,1.777778,0.0
2011-09-08,HINDPETRO,2.074074,0.0
2012-08-30,HINDPETRO,1.259259,0.0
2013-08-14,HINDPETRO,1.259259,0.0
2014-08-12,HINDPETRO,2.296296,0.0
2015-09-02,HINDPETRO,3.62963,0.0
2016-02-11,HINDPETRO,1.703704,0.0
2016-03-17,HINDPETRO,1.037037,0.0
2016-07-28,HINDPETRO,2.37037,0.0
2016-09-14,HINDPETRO,0.0,3.0
2017-03-01,HINDPETRO,10.0,0.0
2017-03-24,HINDPETRO,2.844444,0.0
2017-07-11,HINDPETRO,0.488889,1.5
2018-02-28,HINDPETRO,9.666667,0.0
2018-06-28,HINDPETRO,1.666667,0.0
2019-02-14,HINDPETRO,4.333333,0.0
2019-06-06,HINDPETRO,6.266667,0.0
2020-07-02,HINDPETRO,6.5,0.0
2021-07-08,HINDPETRO,15.166667,0.0
2022-08-22,HINDPETRO,9.333333,0.0
2024-02-07,HINDPETRO,10.0,0.0
2024-06-21,HINDPETRO,0.0,1.5
2024-08-09,HINDPETRO,11.0,0.0
2025-08-14,HINDPETRO,10.5,0.0
2025-11-06,HINDPETRO,5.0,0.0
2026-08-14,HINDPETRO,19.25,0.0
2008-04-10,NMDC,0.0,10.0
2008-05-21,NMDC,0.0,3.0
2008-08-04,NMDC,0.18,0.0
2009-02-18,NMDC,0.343333,0.0
2009-02-19,NMDC,0.343333,0.0
2009-08-20,NMDC,0.393333,0.0
2010-02-04,NMDC,0.25,0.0
2010-07-29,NMDC,0.333333,0.0
2011-02-10,NMDC,0.383333,0.0
2011-09-15,NMDC,0.716667,0.0
2011-11-17,NMDC,0.333333,0.0
2012-02-09,NMDC,0.333333,0.0
2012-09-13,NMDC,0.833333,0.0
2012-11-22,NMDC,0.666667,0.0
2013-02-28,NMDC,0.333333,0.0
2013-09-19,NMDC,1.333333,0.0
2013-11-07,NMDC,1.0,0.0
2014-02-17,NMDC,1.833333,0.0
2014-11-13,NMDC,1.0,0.0
2015-02-18,NMDC,1.416667,0.0
2015-09-21,NMDC,0.433333,0.0
2016-02-24,NMDC,3.166667,0.0
2016-03-30,NMDC,0.5,0.0
2017-03-16,NMDC,1.383333,0.0
2017-09-14,NMDC,0.333333,0.0
2018-03-27,NMDC,1.433333,0.0
2019-03-22,NMDC,1.84,0.0
2020-02-18,NMDC,1.763333,0.0
2021-03-22,NMDC,2.586667,0.0
2021-12-14,NMDC,3.003333,0.0
2022-02-17,NMDC,1.91,0.0
2023-02-24,NMDC,1.25,0.0
2023-08-31,NMDC,0.95,0.0
2024-02-27,NMDC,1.916667,0.0
2024-09-17,NMDC,0.5,0.0
2024-12-27,NMDC,0.0,3.0
2025-03-21,NMDC,2.3,0.0
2025-08-14,NMDC,1.0,0.0
2026-02-13,NMDC,2.5,0.0
2015-08-26,JUBLFOOD,0.25,0.0
2016-08-24,JUBLFOOD,0.25,0.0
2017-08-18,JUBLFOOD,0.25,0.0
2018-06-21,JUBLFOOD,0.0,2.0
2018-09-18,JUBLFOOD,0.5,0.0
2019-09-16,JUBLFOOD,1.0,0.0
2020-03-09,JUBLFOOD,1.2,0.0
2021-08-06,JUBLFOOD,1.2,0.0
2022-04-19,JUBLFOOD,0.0,5.0
2022-07-08,JUBLFOOD,1.2,0.0
2023-07-12,JUBLFOOD,1.2,0.0
2024-07-12,JUBLFOOD,1.2,0.0
2025-07-18,JUBLFOOD,1.2,0.0
2026-07-17,JUBLFOOD,1.2,0.0
2002-01-24,LUPIN,0.25,0.0
2002-08-14,LUPIN,0.25,0.0
2003-07-15,LUPIN,0.5,0.0
2004-07-13,LUPIN,0.65,0.0
2005-07-15,LUPIN,0.65,0.0
2006-07-07,LUPIN,0.65,0.0
2006-08-11,LUPIN,0.0,2.0
2007-07-10,LUPIN,1.0,0.0
2008-07-11,LUPIN,2.0,0.0
2009-07-20,LUPIN,2.5,0.0
2010-07-19,LUPIN,2.7,0.0
2010-08-27,LUPIN,0.0,5.0
2011-07-18,LUPIN,3.0,0.0
2012-07-13,LUPIN,3.2,0.0
2013-07-29,LUPIN,4.0,0.0
2014-02-13,LUPIN,3.0,0.0
2014-07-21,LUPIN,3.0,0.0
2015-07-14,LUPIN,7.5,0.0
2016-07-25,LUPIN,7.5,0.0
2017-07-24,LUPIN,7.5,0.0
2018-07-30,LUPIN,5.0,0.0
2019-07-29,LUPIN,5.0,0.0
2020-08-03,LUPIN,6.0,0.0
2021-07-27,LUPIN,6.5,0.0
2022-07-14,LUPIN,4.0,0.0
2023-07-14,LUPIN,4.0,0.0
2024-07-16,LUPIN,8.0,0.0
2025-07-25,LUPIN,12.0,0.0
2026-07-17,LUPIN,18.0,0.0
2000-04-28,ZYDUSLIFE,0.4,0.0
2001-06-18,ZYDUSLIFE,0.4,0.0
2002-09-11,ZYDUSLIFE,0.466667,0.0
2003-09-24,ZYDUSLIFE,0.466667,0.0
2004-07-14,ZYDUSLIFE,0.8,0.0
2005-07-14,ZYDUSLIFE,0.8,0.0
2006-07-13,ZYDUSLIFE,0.8,0.0
2007-07-12,ZYDUSLIFE,0.533333,0.0
2008-07-10,ZYDUSLIFE,0.6,0.0
2009-07-16,ZYDUSLIFE,0.6,0.0
2010-04-05,ZYDUSLIFE,0.0,1.5
2010-07-15,ZYDUSLIFE,1.0,0.0
2011-07-07,ZYDUSLIFE,1.25,0.0
2012-07-26,ZYDUSLIFE,1.5,0.0
2013-06-11,ZYDUSLIFE,1.5,0.0
2014-07-17,ZYDUSLIFE,1.8,0.0
2015-07-30,ZYDUSLIFE,2.4,0.0
2015-10-06,ZYDUSLIFE,0.0,5.0
2016-03-17,ZYDUSLIFE,3.2,0.0
2017-03-16,ZYDUSLIFE,3.2,0.0
2018-07-31,ZYDUSLIFE,3.5,0.0
2019-07-25,ZYDUSLIFE,3.5,0.0
2020-03-23,ZYDUSLIFE,3.5,0.0
2021-07-28,ZYDUSLIFE,3.5,0.0
2022-07-28,ZYDUSLIFE,2.5,0.0
2023-07-28,ZYDUSLIFE,6.0,0.0
2024-07-26,ZYDUSLIFE,3.0,0.0
2025-07-25,ZYDUSLIFE,11.0,0.0
2026-07-24,ZYDUSLIFE,1.0,0.0
2004-07-01,BIOCON,0.083333,0.0
2005-06-29,BIOCON,0.166667,0.0
2006-06-29,BIOCON,0.208333,0.0
2007-06-28,BIOCON,0.25,0.0
2008-07-03,BIOCON,0.416667,0.0
2008-09-11,BIOCON,0.0,2.0
2009-07-08,BIOCON,0.5,0.0
2010-07-08,BIOCON,0.583333,0.0
2011-05-05,BIOCON,0.25,0.0
2011-07-07,BIOCON,0.5,0.0
2012-07-05,BIOCON,0.833333,0.0
2013-07-11,BIOCON,1.25,0.0
2014-07-10,BIOCON,0.833333,0.0
2015-04-09,BIOCON,0.833333,0.0
2016-03-17,BIOCON,0.833333,0.0
2017-06-15,BIOCON,0.0,3.0
2017-07-20,BIOCON,0.5,0.0
2018-07-19,BIOCON,0.5,0.0
2019-06-12,BIOCON,0.0,2.0
2019-07-18,BIOCON,0.5,0.0
2022-06-30,BIOCON,0.5,0.0
2023-07-07,BIOCON,1.5,0.0
2024-07-05,BIOCON,0.5,0.0
2025-07-04,BIOCON,0.5,0.0
2026-07-03,BIOCON,0.5,0.0
2024-08-16,GLAND,20.0,
2025-08-14,GLAND,18.0,
2026-08-11,GLAND,20.0,
2018-07-12,BANDHANBNK,1.0,
2019-06-20,BANDHANBNK,3.0,
2021-07-29,BANDHANBNK,1.0,
2023-08-11,BANDHANBNK,1.5,
2024-08-13,BANDHANBNK,1.5,
2025-08-14,BANDHANBNK,1.5,
2026-08-17,BANDHANBNK,1.5,
2013-06-20,INDUSTOWER,3.0,
2014-07-24,INDUSTOWER,8.9,
2015-08-03,INDUSTOWER,6.5,
2016-08-09,INDUSTOWER,3.0,
2017-03-31,INDUSTOWER,12.0,
2017-07-20,INDUSTOWER,4.0,
2018-07-19,INDUSTOWER,14.0,
2018-11-01,INDUSTOWER,7.5,
2019-05-07,INDUSTOWER,7.5,
2019-08-22,INDUSTOWER,3.65,
2019-12-19,INDUSTOWER,2.75,
2020-05-05,INDUSTOWER,4.1,
2020-08-05,INDUSTOWER,2.3,
2021-02-08,INDUSTOWER,17.82,
2022-05-13,INDUSTOWER,11.0,
2026-08-10,INDUSTOWER,14.0,
2019-03-06,HDFCAMC,6.0,0.0
2019-07-04,HDFCAMC,6.0,0.0
2020-07-09,HDFCAMC,14.0,0.0
2021-06-29,HDFCAMC,17.0,0.0
2022-06-09,HDFCAMC,21.0,0.0
2023-06-09,HDFCAMC,24.0,0.0
2024-06-18,HDFCAMC,35.0,0.0
2025-06-06,HDFCAMC,45.0,0.0
2025-11-26,HDFCAMC,0.0,2.0
2026-06-05,HDFCAMC,54.0,0.0
2022-11-10,NYKAA,,6.0
2003-06-30,ACC,2.5,
2004-06-28,ACC,4.0,
2005-06-29,ACC,7.0,
2006-03-29,ACC,8.0,
2007-03-14,ACC,15.0,
2007-08-02,ACC,10.0,
2008-04-10,ACC,10.0,
2008-07-31,ACC,10.0,
2009-03-24,ACC,10.0,
2009-07-30,ACC,10.0,
2010-03-23,ACC,13.0,
2010-07-28,ACC,10.0,
2011-03-29,ACC,20.5,
2011-08-03,ACC,11.0,
2012-03-12,ACC,17.0,
2012-08-01,ACC,11.0,
2013-03-21,ACC,19.0,
2013-07-30,ACC,11.0,
2014-03-24,ACC,19.0,
2014-07-28,ACC,15.0,
2015-03-12,ACC,19.0,
2015-07-22,ACC,11.0,
2016-02-22,ACC,6.0,
2016-08-02,ACC,11.0,
2017-03-16,ACC,6.0,
2017-07-25,ACC,11.0,
2018-05-17,ACC,15.0,
2019-03-05,ACC,14.0,
2020-05-19,ACC,14.0,
2021-03-30,ACC,14.0,
2022-04-04,ACC,58.0,
2023-07-07,ACC,9.25,
2024-06-14,ACC,7.5,
2025-06-13,ACC,7.5,
2026-06-12,ACC,7.5,
2026-06-19,AWL,1.0,
2004-08-17,UPL,0.006395,0.0
2005-08-17,UPL,0.255798,0.0
2005-09-27,UPL,0.0,5.0
2006-09-07,UPL,0.319748,0.0
2007-03-21,UPL,0.383697,0.0
2008-09-04,UPL,0.639496,0.0
2008-10-29,UPL,0.0,2.0
2009-09-03,UPL,0.959243,0.0
2010-08-26,UPL,1.278991,0.0
2011-07-14,UPL,1.278991,0.0
2012-04-03,UPL,1.278991,0.0
2012-07-12,UPL,0.319748,0.0
2013-07-04,UPL,1.598739,0.0
2014-08-07,UPL,2.557982,0.0
2015-07-16,UPL,3.197478,0.0
2016-06-16,UPL,3.197478,0.0
2017-06-22,UPL,4.476469,0.0
2018-08-09,UPL,5.115964,0.0
2019-05-28,UPL,5.115964,0.0
2019-07-02,UPL,0.0,1.5
2020-08-19,UPL,5.75546,0.0
2021-07-14,UPL,9.592433,0.0
2022-07-27,UPL,9.592433,0.0
2023-08-03,UPL,9.592433,0.0
2024-08-12,UPL,0.959243,0.0
2025-07-11,UPL,6.0,0.0
2026-07-17,UPL,6.0,0.0
2011-07-08,PIIND,0.4,0.0
2011-08-17,PIIND,0.0,2.0
2011-11-17,PIIND,0.4,0.0
2012-09-05,PIIND,0.6,0.0
2013-04-12,PIIND,0.0,5.0
2013-08-19,PIIND,1.5,0.0
2014-02-21,PIIND,0.5,0.0
2014-09-03,PIIND,1.0,0.0
2014-11-13,PIIND,1.2,0.0
2015-09-08,PIIND,1.3,0.0
2015-11-17,PIIND,1.2,0.0
2016-03-22,PIIND,1.9,0.0
2016-11-16,PIIND,1.5,0.0
2017-08-30,PIIND,2.5,0.0
2017-11-09,PIIND,1.5,0.0
2018-07-30,PIIND,2.5,0.0
2018-11-09,PIIND,2.5,0.0
2019-08-29,PIIND,1.5,0.0
2020-02-24,PIIND,3.0,0.0
2020-09-17,PIIND,1.0,0.0
2021-02-11,PIIND,3.0,0.0
2021-09-06,PIIND,2.0,0.0
2022-02-14,PIIND,3.0,0.0
2022-08-25,PIIND,3.0,0.0
2023-02-24,PIIND,4.5,0.0
2023-08-11,PIIND,5.5,0.0
2024-02-21,PIIND,6.0,0.0
2024-08-20,PIIND,9.0,0.0
2025-02-14,PIIND,6.0,0.0
2025-08-07,PIIND,10.0,0.0
2026-02-23,PIIND,5.0,0.0
2026-08-07,PIIND,10.0,0.0
2012-08-16,MUTHOOTFIN,4.0,
2013-09-12,MUTHOOTFIN,4.5,
2013-11-05,MUTHOOTFIN,3.0,
2014-02-04,MUTHOOTFIN,2.0,
2014-09-10,MUTHOOTFIN,1.0,
2014-10-22,MUTHOOTFIN,4.0,
2015-09-22,MUTHOOTFIN,2.0,
2015-11-05,MUTHOOTFIN,4.0,
2016-03-16,MUTHOOTFIN,2.0,
2017-03-30,MUTHOOTFIN,6.0,
2018-02-15,MUTHOOTFIN,10.0,
2019-04-11,MUTHOOTFIN,12.0,
2020-03-23,MUTHOOTFIN,15.0,
2021-04-22,MUTHOOTFIN,20.0,
2022-04-25,MUTHOOTFIN,20.0,
2023-04-18,MUTHOOTFIN,22.0,
2024-05-31,MUTHOOTFIN,24.0,
2025-04-25,MUTHOOTFIN,26.0,
2026-04-17,MUTHOOTFIN,30.0,
2004-09-29,PGHH,20.0,
2005-11-10,PGHH,40.0,
2006-09-21,PGHH,25.0,
2007-09-27,PGHH,20.0,
2008-09-25,PGHH,20.0,
2009-09-29,PGHH,22.5,
2010-09-23,PGHH,22.5,
2011-10-24,PGHH,22.5,
2011-11-04,PGHH,22.5,
2012-11-20,PGHH,22.5,
2013-11-21,PGHH,25.0,
2014-09-08,PGHH,27.5,
2015-10-19,PGHH,30.25,
2016-11-24,PGHH,36.0,
2017-05-17,PGHH,362.0,
2017-11-07,PGHH,27.0,
2018-11-20,PGHH,40.0,
2019-02-15,PGHH,40.0,
2019-11-19,PGHH,48.0,
2020-11-13,PGHH,105.0,
2021-02-10,PGHH,85.0,
2021-05-11,PGHH,150.0,
2021-11-09,PGHH,80.0,
2022-02-08,PGHH,95.0,
2022-11-04,PGHH,65.0,
2023-02-08,PGHH,80.0,
2023-11-17,PGHH,105.0,
2024-02-09,PGHH,160.0,
2024-11-19,PGHH,95.0,
2025-02-20,PGHH,110.0,
2025-08-28,PGHH,65.0,
2026-02-05,PGHH,195.0,
2002-07-12,BERGEPAINT,0.46503,0.0
2003-07-14,BERGEPAINT,1.116071,0.0
2004-01-06,BERGEPAINT,0.651042,0.0
2004-07-13,BERGEPAINT,0.558036,0.0
2005-01-12,BERGEPAINT,0.130208,0.0
2005-07-11,BERGEPAINT,0.130208,0.0
2005-11-22,BERGEPAINT,0.186012,0.0
2006-07-12,BERGEPAINT,0.186012,0.0
2006-10-12,BERGEPAINT,0.0,1.6
2007-02-22,BERGEPAINT,0.178571,0.0
2007-07-13,BERGEPAINT,0.119048,0.0
2008-07-16,BERGEPAINT,0.14881,0.0
2009-07-22,BERGEPAINT,0.178571,0.0
2010-07-13,BERGEPAINT,0.327381,0.0
2011-03-14,BERGEPAINT,0.14881,0.0
2011-07-20,BERGEPAINT,0.238095,0.0
2012-07-18,BERGEPAINT,0.416667,0.0
2013-07-17,BERGEPAINT,0.535714,0.0
2014-07-16,BERGEPAINT,0.654762,0.0
2015-01-08,BERGEPAINT,0.0,2.0
2015-02-12,BERGEPAINT,0.357143,0.0
2015-07-24,BERGEPAINT,0.386905,0.0
2016-02-17,BERGEPAINT,0.386905,0.0
2016-07-15,BERGEPAINT,0.0,1.4
2016-07-26,BERGEPAINT,0.833333,0.0
2017-07-27,BERGEPAINT,1.458333,0.0
2018-07-26,BERGEPAINT,1.5,0.0
2019-07-26,BERGEPAINT,1.583333,0.0
2020-03-02,BERGEPAINT,1.583333,0.0
2020-09-17,BERGEPAINT,0.25,0.0
2021-08-18,BERGEPAINT,2.333333,0.0
2022-08-18,BERGEPAINT,2.583333,0.0
2023-08-04,BERGEPAINT,2.666667,0.0
2023-09-22,BERGEPAINT,0.0,1.2
2024-08-05,BERGEPAINT,3.5,0.0
2025-08-05,BERGEPAINT,3.8,0.0
2026-08-05,BERGEPAINT,4.0,0.0
1996-11-25,MARICO,0.015625,0.0
1997-07-30,MARICO,0.023438,0.0
1998-05-25,MARICO,0.035156,0.0
1998-11-16,MARICO,0.027344,0.0
1999-05-17,MARICO,0.042969,0.0
1999-11-22,MARICO,0.027344,0.0
2000-08-02,MARICO,0.0,1.6
2001-08-02,MARICO,0.03125,0.0
2001-10-24,MARICO,0.0375,0.0
2002-08-14,MARICO,0.01875,2.0
2002-11-04,MARICO,0.025,0.0
2003-02-10,MARICO,0.025,0.0
2003-07-09,MARICO,0.05,0.0
2003-10-27,MARICO,0.05,0.0
2004-03-22,MARICO,0.0625,0.0
2004-05-06,MARICO,0.0625,2.0
2004-08-13,MARICO,0.05,0.0
2004-11-11,MARICO,0.06,0.0
2005-01-28,MARICO,0.07,0.0
2005-05-03,MARICO,0.0875,0.0
2005-08-05,MARICO,0.06,0.0
2005-10-31,MARICO,0.07,0.0
2006-01-27,MARICO,0.08,0.0
2006-04-27,MARICO,0.1,0.0
2006-07-28,MARICO,0.0675,0.0
2006-10-20,MARICO,0.075,0.0
2007-01-23,MARICO,0.085,0.0
2007-02-21,MARICO,0.0,10.0
2007-03-29,MARICO,0.1,0.0
2007-07-30,MARICO,0.07,0.0
2007-10-29,MARICO,0.075,0.0
2008-04-29,MARICO,0.185,0.0
2008-10-24,MARICO,0.15,0.0
2009-04-27,MARICO,0.175,0.0
2009-10-30,MARICO,0.15,0.0
2010-05-03,MARICO,0.18,0.0
2010-11-01,MARICO,0.15,0.0
2011-05-06,MARICO,0.18,0.0
2011-11-09,MARICO,0.15,0.0
2012-05-08,MARICO,0.2,0.0
2012-11-07,MARICO,0.25,0.0
2013-05-03,MARICO,0.25,0.0
2013-11-01,MARICO,0.375,0.0
2014-02-06,MARICO,0.5,0.0
2014-03-27,MARICO,0.875,0.0
2014-11-13,MARICO,0.5,0.0
2015-02-06,MARICO,0.75,0.0
2015-11-09,MARICO,0.875,0.0
2015-12-22,MARICO,0.0,2.0
2016-02-05,MARICO,1.5,0.0
2016-03-17,MARICO,1.0,0.0
2016-11-16,MARICO,1.5,0.0
2017-02-09,MARICO,2.0,0.0
2017-11-06,MARICO,1.75,0.0
2018-02-16,MARICO,2.5,0.0
2018-11-12,MARICO,2.0,0.0
2019-02-12,MARICO,2.75,0.0
2019-11-04,MARICO,2.75,0.0
2020-02-06,MARICO,3.25,0.0
2020-03-16,MARICO,0.75,0.0
2020-11-05,MARICO,3.0,0.0
2021-03-10,MARICO,4.5,0.0
2021-11-08,MARICO,3.0,0.0
2022-02-04,MARICO,6.25,0.0
2023-03-08,MARICO,4.5,0.0
2023-11-07,MARICO,3.0,0.0
2024-03-06,MARICO,6.5,0.0
2025-02-07,MARICO,3.5,0.0
2025-08-01,MARICO,7.0,0.0
2026-07-30,MARICO,4.0,0.0
2004-07-30,SRF,0.5,0.0
2005-06-29,SRF,0.5,0.0
2006-07-07,SRF,0.6,0.0
2007-03-22,SRF,0.8,0.0
2007-06-29,SRF,0.4,0.0
2008-03-18,SRF,0.6,0.0
2008-06-27,SRF,0.4,0.0
2008-10-31,SRF,1.0,0.0
2009-03-31,SRF,1.0,0.0
2009-11-12,SRF,1.4,0.0
2010-04-08,SRF,1.4,0.0
2010-11-02,SRF,1.4,0.0
2011-03-04,SRF,1.4,0.0
2011-11-22,SRF,1.4,0.0
2012-02-23,SRF,1.4,0.0
2012-11-15,SRF,1.0,0.0
2013-02-25,SRF,1.0,0.0
2013-11-07,SRF,0.6,0.0
2014-02-14,SRF,1.4,0.0
2014-08-27,SRF,1.0,0.0
2015-02-13,SRF,1.0,0.0
2015-08-28,SRF,1.0,0.0
2016-02-15,SRF,1.0,0.0
2016-08-16,SRF,1.2,0.0
2017-02-17,SRF,1.2,0.0
2017-08-16,SRF,1.2,0.0
2018-02-15,SRF,1.2,0.0
2018-08-14,SRF,1.2,0.0
2019-02-11,SRF,1.2,0.0
2019-08-13,SRF,1.4,0.0
2020-02-10,SRF,1.4,0.0
2020-08-06,SRF,1.0,0.0
2021-01-29,SRF,3.8,0.0
2021-08-05,SRF,2.4,0.0
2021-10-13,SRF,0.0,5.0
2022-02-03,SRF,4.75,0.0
2022-07-28,SRF,3.6,0.0
2023-02-07,SRF,3.6,0.0
2023-08-01,SRF,3.6,0.0
2024-02-07,SRF,3.6,0.0
2024-07-31,SRF,3.6,0.0
2025-02-04,SRF,3.6,0.0
2025-07-29,SRF,4.0,0.0
2026-01-27,SRF,5.0,0.0
2026-07-28,SRF,5.0,0.0
2020-05-15,SBICARD,1.0,
2022-03-30,SBICARD,2.5,
2023-03-29,SBICARD,2.5,
2024-03-28,SBICARD,2.5,
2025-02-25,SBICARD,2.5,
2026-03-11,SBICARD,2.5,
2007-07-18,COLPAL,1.0,0.0
2008-07-08,COLPAL,3.5,0.0
2008-12-12,COLPAL,4.5,0.0
2009-04-08,COLPAL,3.0,0.0
2009-08-20,COLPAL,4.0,0.0
2009-12-10,COLPAL,3.5,0.0
2010-04-08,COLPAL,2.5,0.0
2010-08-17,COLPAL,5.0,0.0
2010-12-14,COLPAL,2.5,0.0
2011-03-30,COLPAL,3.5,0.0
2011-06-13,COLPAL,4.0,0.0
2011-12-20,COLPAL,4.5,0.0
2012-03-22,COLPAL,4.0,0.0
2012-10-01,COLPAL,6.5,0.0
2012-12-14,COLPAL,3.0,0.0
2013-04-04,COLPAL,4.5,0.0
2013-11-06,COLPAL,4.5,0.0
2013-12-09,COLPAL,4.5,0.0
2014-04-01,COLPAL,4.5,0.0
2014-09-29,COLPAL,4.0,0.0
2014-12-15,COLPAL,4.0,0.0
2015-04-08,COLPAL,4.0,0.0
2015-09-23,COLPAL,0.0,2.0
2015-11-05,COLPAL,4.0,0.0
2015-12-10,COLPAL,3.0,0.0
2016-04-06,COLPAL,3.0,0.0
2016-11-08,COLPAL,4.0,0.0
2016-12-15,COLPAL,3.0,0.0
2017-04-10,COLPAL,3.0,0.0
2017-10-25,COLPAL,4.0,0.0
2017-12-18,COLPAL,4.0,0.0
2018-03-20,COLPAL,5.0,0.0
2018-05-29,COLPAL,11.0,0.0
2018-11-05,COLPAL,8.0,0.0
2019-04-05,COLPAL,7.0,0.0
2019-06-04,COLPAL,8.0,0.0
2019-11-05,COLPAL,12.0,0.0
2020-06-01,COLPAL,16.0,0.0
2020-10-29,COLPAL,18.0,0.0
2021-03-30,COLPAL,20.0,0.0
2021-11-01,COLPAL,19.0,0.0
2022-05-05,COLPAL,21.0,0.0
2022-10-31,COLPAL,18.0,0.0
2023-05-19,COLPAL,21.0,0.0
2023-11-06,COLPAL,22.0,0.0
2024-05-22,COLPAL,36.0,0.0
2024-11-04,COLPAL,24.0,0.0
2025-05-28,COLPAL,27.0,0.0
2025-11-03,COLPAL,24.0,0.0
2026-06-01,COLPAL,24.0,0.0
2020-02-24,IRCTC,2.0,0.0
2020-10-19,IRCTC,0.5,0.0
2021-09-21,IRCTC,1.0,0.0
2021-10-28,IRCTC,0.0,5.0
2022-02-17,IRCTC,2.0,0.0
2022-08-18,IRCTC,1.5,0.0
2023-02-22,IRCTC,3.5,0.0
2023-08-18,IRCTC,2.0,0.0
2023-11-17,IRCTC,2.5,0.0
2024-08-23,IRCTC,4.0,0.0
2024-11-14,IRCTC,4.0,0.0
2025-02-20,IRCTC,3.0,0.0
2025-08-22,IRCTC,1.0,0.0
2025-11-21,IRCTC,5.0,0.0
2026-02-20,IRCTC,3.5,0.0
2019-07-26,ATGL,0.25,
2020-03-26,ATGL,0.25,
2021-06-24,ATGL,0.25,
2022-07-14,ATGL,0.25,
2023-07-07,ATGL,0.25,
2024-06-14,ATGL,0.25,
2025-06-13,ATGL,0.25,
2026-06-12,ATGL,0.25,
2002-09-18,INDUSINDBK,1.4,
2003-09-12,INDUSINDBK,1.4,
2004-07-29,INDUSINDBK,2.25,
2005-08-18,INDUSINDBK,1.8,
2007-08-31,INDUSINDBK,0.6,
2008-09-04,INDUSINDBK,0.6,
2009-06-22,INDUSINDBK,1.2,
2010-06-17,INDUSINDBK,1.8,
2011-06-30,INDUSINDBK,2.0,
2012-07-05,INDUSINDBK,2.2,
2013-06-17,INDUSINDBK,3.0,
2014-06-16,INDUSINDBK,3.5,
2015-08-07,INDUSINDBK,4.0,
2016-06-23,INDUSINDBK,4.5,
2017-07-18,INDUSINDBK,6.0,
2018-06-13,INDUSINDBK,7.5,
2018-07-18,INDUSINDBK,7.5,
2019-08-08,INDUSINDBK,7.5,
2021-08-17,INDUSINDBK,5.0,
2022-08-11,INDUSINDBK,8.5,
2023-06-02,INDUSINDBK,14.0,
2024-06-28,INDUSINDBK,16.5,
2026-06-25,INDUSINDBK,1.5,
2016-11-02,ICICIPRULI,1.75,
2017-07-07,ICICIPRULI,3.5,
2017-11-02,ICICIPRULI,3.4,
2018-06-18,ICICIPRULI,3.3,
2018-11-01,ICICIPRULI,1.6,
2019-07-09,ICICIPRULI,1.55,
2019-10-31,ICICIPRULI,0.8,
2021-06-16,ICICIPRULI,2.0,
2022-06-16,ICICIPRULI,0.55,
2023-07-13,ICICIPRULI,0.6,
2024-06-13,ICICIPRULI,0.6,
2025-06-12,ICICIPRULI,0.85,
2026-06-05,ICICIPRULI,1.65,
2003-07-16,HEROMOTOCO,18.0,
2004-01-22,HEROMOTOCO,10.0,
2004-07-29,HEROMOTOCO,10.0,
2005-07-20,HEROMOTOCO,20.0,
2006-08-14,HEROMOTOCO,20.0,
2007-07-10,HEROMOTOCO,17.0,
2008-09-09,HEROMOTOCO,19.0,
2009-08-28,HEROMOTOCO,20.0,
2010-04-13,HEROMOTOCO,80.0,
2010-08-30,HEROMOTOCO,30.0,
2011-04-20,HEROMOTOCO,70.0,
2011-08-25,HEROMOTOCO,35.0,
2012-08-07,HEROMOTOCO,45.0,
2013-09-03,HEROMOTOCO,60.0,
2014-07-03,HEROMOTOCO,65.0,
2014-08-08,HEROMOTOCO,30.0,
2015-06-01,HEROMOTOCO,30.0,
2016-03-21,HEROMOTOCO,40.0,
2016-09-15,HEROMOTOCO,32.0,
2017-03-16,HEROMOTOCO,55.0,
2017-06-30,HEROMOTOCO,30.0,
2018-02-15,HEROMOTOCO,55.0,
2018-07-11,HEROMOTOCO,40.0,
2019-02-11,HEROMOTOCO,55.0,
2019-07-16,HEROMOTOCO,32.0,
2020-02-17,HEROMOTOCO,65.0,
2020-07-30,HEROMOTOCO,25.0,
2021-02-15,HEROMOTOCO,70.0,
2021-07-22,HEROMOTOCO,35.0,
2022-02-21,HEROMOTOCO,60.0,
2022-07-27,HEROMOTOCO,35.0,
2023-02-17,HEROMOTOCO,65.0,
2023-07-27,HEROMOTOCO,35.0,
2024-02-21,HEROMOTOCO,100.0,
2024-08-01,HEROMOTOCO,40.0,
2025-02-12,HEROMOTOCO,100.0,
2025-07-24,HEROMOTOCO,65.0,
2026-02-11,HEROMOTOCO,110.0,
2026-07-24,HEROMOTOCO,75.0,
2002-11-14,DABUR,0.083333,0.0
2003-07-14,DABUR,0.15,0.0
2003-11-20,DABUR,0.1,0.0
2004-06-15,DABUR,0.233333,0.0
2004-11-02,DABUR,0.166667,0.0
2005-06-29,DABUR,0.25,0.0
2005-10-28,DABUR,0.25,0.0
2006-01-19,DABUR,0.0,2.0
2006-06-21,DABUR,0.333333,0.0
2006-11-03,DABUR,0.333333,0.0
2007-01-25,DABUR,0.0,1.5
2007-03-16,DABUR,0.375,0.0
2007-10-29,DABUR,0.375,0.0
2008-06-19,DABUR,0.375,0.0
2009-02-02,DABUR,0.375,0.0
2009-06-29,DABUR,0.5,0.0
2009-10-30,DABUR,0.375,0.0
2010-08-03,DABUR,0.625,0.0
2010-09-08,DABUR,0.0,2.0
2010-11-02,DABUR,0.5,0.0
2011-06-29,DABUR,0.65,0.0
2011-11-04,DABUR,0.55,0.0
2012-06-27,DABUR,0.75,0.0
2012-10-31,DABUR,0.65,0.0
2013-06-21,DABUR,0.85,0.0
2013-11-05,DABUR,0.75,0.0
2014-06-27,DABUR,1.0,0.0
2014-09-19,DABUR,1.25,0.0
2015-06-29,DABUR,0.75,0.0
2015-11-05,DABUR,1.25,0.0
2016-06-29,DABUR,1.0,0.0
2016-11-03,DABUR,1.25,0.0
2017-07-05,DABUR,1.0,0.0
2017-11-07,DABUR,1.25,0.0
2018-07-04,DABUR,6.25,0.0
2018-11-09,DABUR,1.25,0.0
2019-08-07,DABUR,1.5,0.0
2019-11-13,DABUR,1.4,0.0
2020-08-13,DABUR,1.6,0.0
2020-11-11,DABUR,1.75,0.0
2021-07-29,DABUR,3.0,0.0
2021-11-11,DABUR,2.5,0.0
2022-07-21,DABUR,2.7,0.0
2022-11-03,DABUR,2.5,0.0
2023-07-21,DABUR,2.7,0.0
2023-11-10,DABUR,2.75,0.0
2024-07-19,DABUR,2.75,0.0
2024-11-08,DABUR,2.75,0.0
2025-07-18,DABUR,5.25,0.0
2025-11-07,DABUR,2.75,0.0
2026-07-17,DABUR,5.5,0.0
2002-08-09,HAVELLS,0.03125,0.0
2003-07-16,HAVELLS,0.03125,0.0
2003-10-30,HAVELLS,0.01875,0.0
2003-12-30,HAVELLS,0.0,2.0
2004-07-09,HAVELLS,0.03125,0.0
2005-06-24,HAVELLS,0.0625,0.0
2005-08-04,HAVELLS,0.0,2.0
2006-06-05,HAVELLS,0.125,0.0
2006-07-20,HAVELLS,0.0,2.0
2007-06-20,HAVELLS,0.25,0.0
2008-06-26,HAVELLS,0.25,0.0
2009-08-12,HAVELLS,0.25,0.0
2010-02-09,HAVELLS,0.125,0.0
2010-09-06,HAVELLS,0.25,0.0
2010-10-08,HAVELLS,0.0,2.0
2011-07-22,HAVELLS,0.5,0.0
2012-07-04,HAVELLS,1.3,0.0
2013-06-20,HAVELLS,1.5,0.0
2014-03-19,HAVELLS,1.0,0.0
2014-06-26,HAVELLS,2.0,0.0
2014-08-26,HAVELLS,0.0,5.0
2015-06-29,HAVELLS,3.0,0.0
2016-02-10,HAVELLS,3.0,0.0
2016-06-29,HAVELLS,3.0,0.0
2017-06-21,HAVELLS,3.5,0.0
2018-07-04,HAVELLS,4.0,0.0
2019-07-18,HAVELLS,4.5,0.0
2020-03-16,HAVELLS,4.0,0.0
2021-01-28,HAVELLS,3.0,0.0
2021-06-17,HAVELLS,3.5,0.0
2021-10-27,HAVELLS,3.0,0.0
2022-06-14,HAVELLS,4.5,0.0
2023-01-25,HAVELLS,3.0,0.0
2023-06-02,HAVELLS,4.5,0.0
2024-02-01,HAVELLS,3.0,0.0
2024-05-31,HAVELLS,6.0,0.0
2025-01-22,HAVELLS,4.0,0.0
2025-05-23,HAVELLS,6.0,0.0
2026-01-23,HAVELLS,4.0,0.0
2026-05-22,HAVELLS,6.0,0.0
2017-10-26,ICICIGI,0.75,
2018-07-04,ICICIGI,2.5,
2018-10-29,ICICIGI,2.5,
2019-06-19,ICICIGI,3.5,
2019-10-31,ICICIGI,3.5,
2021-03-18,ICICIGI,4.0,
2021-08-02,ICICIGI,4.0,
2021-10-29,ICICIGI,4.0,
2022-07-28,ICICIGI,5.0,
2022-10-27,ICICIGI,4.5,
2023-06-12,ICICIGI,5.5,
2023-10-27,ICICIGI,5.0,
2024-06-07,ICICIGI,6.0,
2024-10-28,ICICIGI,5.5,
2025-06-06,ICICIGI,7.0,
2025-10-23,ICICIGI,6.5,
2026-05-29,ICICIGI,7.0,
2022-08-25,LICI,0.75,0.0
2023-07-21,LICI,1.5,0.0
2024-02-21,LICI,2.0,0.0
2024-07-19,LICI,3.0,0.0
2025-07-25,LICI,6.0,0.0
2026-05-29,LICI,0.0,2.0
2026-06-25,LICI,10.0,0.0
2010-06-29,JSWENERGY,0.75,
2011-06-16,JSWENERGY,1.0,
2012-06-14,JSWENERGY,0.5,
2013-07-12,JSWENERGY,2.0,
2014-07-11,JSWENERGY,2.0,
2015-07-10,JSWENERGY,2.0,
2016-07-11,JSWENERGY,2.0,
2017-06-30,JSWENERGY,0.5,
2019-08-02,JSWENERGY,1.0,
2020-08-04,JSWENERGY,1.0,
2021-07-27,JSWENERGY,2.0,
2022-05-30,JSWENERGY,2.0,
2023-06-02,JSWENERGY,2.0,
2024-05-31,JSWENERGY,2.0,
2025-06-06,JSWENERGY,2.0,
2026-06-05,JSWENERGY,2.0,
2007-07-18,NAUKRI,0.0375,0.0
2008-07-18,NAUKRI,0.0375,0.0
2009-07-15,NAUKRI,0.0375,0.0
2010-07-15,NAUKRI,0.0375,0.0
2010-09-27,NAUKRI,0.0,2.0
2011-07-13,NAUKRI,0.075,0.0
2012-06-22,NAUKRI,0.1,2.0
2013-07-15,NAUKRI,0.2,0.0
2013-10-30,NAUKRI,0.2,0.0
2014-07-15,NAUKRI,0.3,0.0
2014-10-30,NAUKRI,0.2,0.0
2015-07-17,NAUKRI,0.4,0.0
2015-11-19,NAUKRI,0.2,0.0
2016-03-18,NAUKRI,0.4,0.0
2016-07-15,NAUKRI,0.2,0.0
2016-11-04,NAUKRI,0.3,0.0
2017-03-03,NAUKRI,0.3,0.0
2017-07-13,NAUKRI,0.3,0.0
2017-11-08,NAUKRI,0.5,0.0
2018-02-09,NAUKRI,0.3,0.0
2018-07-16,NAUKRI,0.3,0.0
2018-11-09,NAUKRI,0.5,0.0
2019-02-07,NAUKRI,0.3,0.0
2019-08-05,NAUKRI,0.4,0.0
2019-11-21,NAUKRI,0.5,0.0
2020-02-18,NAUKRI,0.7,0.0
2021-06-21,NAUKRI,1.6,0.0
2022-01-17,NAUKRI,1.6,0.0
2022-08-18,NAUKRI,1.0,0.0
2022-11-18,NAUKRI,2.0,0.0
2023-07-28,NAUKRI,1.8,0.0
2023-11-17,NAUKRI,2.0,0.0
2024-07-29,NAUKRI,2.4,0.0
2024-11-19,NAUKRI,2.4,0.0
2025-05-07,NAUKRI,0.0,5.0
2025-07-25,NAUKRI,3.6,0.0
2025-11-21,NAUKRI,2.4,0.0
2026-02-20,NAUKRI,2.4,0.0
2026-07-24,NAUKRI,3.6,0.0
2002-07-11,SUNDARMFIN,1.5,0.0
2003-07-30,SUNDARMFIN,1.875,0.0
2004-05-06,SUNDARMFIN,1.75,0.0
2005-02-02,SUNDARMFIN,1.5,0.0
2005-07-13,SUNDARMFIN,0.375,0.0
2006-07-18,SUNDARMFIN,3.375,0.0
2007-03-20,SUNDARMFIN,2.125,0.0
2007-07-09,SUNDARMFIN,0.5,0.0
2008-05-02,SUNDARMFIN,2.5,0.0
2008-07-08,SUNDARMFIN,1.25,0.0
2008-08-22,SUNDARMFIN,0.0,2.0
2009-03-04,SUNDARMFIN,2.0,0.0
2009-07-10,SUNDARMFIN,1.25,0.0
2010-02-09,SUNDARMFIN,3.0,0.0
2010-06-30,SUNDARMFIN,2.0,0.0
2011-02-02,SUNDARMFIN,3.5,0.0
2011-06-29,SUNDARMFIN,3.5,0.0
2012-02-01,SUNDARMFIN,3.75,0.0
2012-06-28,SUNDARMFIN,4.0,0.0
2012-12-13,SUNDARMFIN,0.0,2.0
2013-02-14,SUNDARMFIN,4.5,0.0
2013-07-02,SUNDARMFIN,4.5,0.0
2014-07-07,SUNDARMFIN,10.0,0.0
2015-02-10,SUNDARMFIN,4.5,0.0
2015-07-07,SUNDARMFIN,6.0,0.0
2016-02-09,SUNDARMFIN,4.5,0.0
2016-03-17,SUNDARMFIN,5.5,0.0
2016-07-05,SUNDARMFIN,1.0,0.0
2017-03-01,SUNDARMFIN,5.0,0.0
2017-07-04,SUNDARMFIN,6.5,0.0
2018-05-10,SUNDARMFIN,5.0,0.0
2018-07-04,SUNDARMFIN,7.0,0.0
2019-02-11,SUNDARMFIN,5.0,0.0
2019-07-03,SUNDARMFIN,12.5,0.0
2020-02-18,SUNDARMFIN,10.0,0.0
2020-07-02,SUNDARMFIN,3.0,0.0
2021-02-02,SUNDARMFIN,12.0,0.0
2021-08-24,SUNDARMFIN,6.0,0.0
2022-02-17,SUNDARMFIN,10.0,0.0
2022-07-08,SUNDARMFIN,10.0,0.0
2023-02-17,SUNDARMFIN,12.0,0.0
2023-07-05,SUNDARMFIN,15.0,0.0
2024-02-16,SUNDARMFIN,14.0,0.0
2024-07-31,SUNDARMFIN,16.0,0.0
2025-02-07,SUNDARMFIN,14.0,0.0
2025-07-09,SUNDARMFIN,21.0,0.0
2026-02-06,SUNDARMFIN,16.0,0.0
2026-07-06,SUNDARMFIN,24.0,0.0
1997-08-29,IOC,0.111111,0.0
1998-08-03,IOC,0.138889,0.0
1999-06-29,IOC,0.361111,0.0
1999-09-27,IOC,0.0,2.0
2000-02-24,IOC,0.194444,0.0
2000-05-22,IOC,0.222222,0.0
2001-08-27,IOC,0.527778,0.0
2002-09-12,IOC,0.722222,0.0
2003-02-03,IOC,0.722222,0.0
2003-08-14,IOC,0.0,1.5
2003-09-18,IOC,1.333333,0.0
2004-01-01,IOC,0.416667,0.0
2004-08-23,IOC,1.333333,0.0
2004-12-29,IOC,0.375,0.0
2005-09-08,IOC,0.833333,0.0
2006-09-07,IOC,1.041667,0.0
2006-12-26,IOC,0.5,0.0
2007-09-10,IOC,1.083333,0.0
2008-09-09,IOC,0.458333,0.0
2009-09-02,IOC,0.625,0.0
2009-10-29,IOC,0.0,2.0
2010-09-08,IOC,2.166667,0.0
2011-09-15,IOC,1.583333,0.0
2012-09-05,IOC,0.833333,0.0
2013-08-22,IOC,1.033333,0.0
2014-08-14,IOC,1.45,0.0
2015-09-04,IOC,1.1,0.0
2016-02-23,IOC,0.916667,0.0
2016-09-02,IOC,1.416667,0.0
2016-10-18,IOC,0.0,2.0
2017-02-09,IOC,4.5,0.0
2017-03-24,IOC,1.5,0.0
2017-08-18,IOC,0.333333,0.0
2018-02-08,IOC,6.333333,0.0
2018-03-15,IOC,0.0,2.0
2018-08-20,IOC,1.333333,0.0
2018-12-21,IOC,4.5,0.0
2019-03-27,IOC,1.0,0.0
2019-08-21,IOC,0.666667,0.0
2020-03-23,IOC,2.833333,0.0
2021-02-09,IOC,5.0,0.0
2021-03-23,IOC,2.0,0.0
2021-08-05,IOC,1.0,0.0
2021-11-11,IOC,3.333333,0.0
2022-02-09,IOC,2.666667,0.0
2022-06-30,IOC,0.0,1.5
2022-08-11,IOC,2.4,0.0
2023-07-28,IOC,3.0,0.0
2023-11-10,IOC,5.0,0.0
2024-07-12,IOC,7.0,0.0
2025-08-08,IOC,3.0,0.0
2025-12-18,IOC,5.0,0.0
2026-03-12,IOC,2.0,0.0
2026-08-14,IOC,1.25,0.0
2018-04-03,SBILIFE,2.0,
2019-04-03,SBILIFE,2.0,
2021-04-05,SBILIFE,2.5,
2022-03-29,SBILIFE,2.0,
2023-03-16,SBILIFE,2.5,
2024-03-15,SBILIFE,2.7,
2025-03-07,SBILIFE,2.7,
2026-03-06,SBILIFE,2.7,
2017-12-15,HDFCLIFE,1.36,
2019-03-14,HDFCLIFE,1.63,
2021-06-30,HDFCLIFE,2.02,
2022-05-31,HDFCLIFE,1.7,
2023-06-16,HDFCLIFE,1.9,
2024-06-21,HDFCLIFE,2.0,
2025-06-20,HDFCLIFE,2.1,
2026-06-19,HDFCLIFE,2.1,
2003-07-10,BAJAJHLDNG,14.0,
2004-07-15,BAJAJHLDNG,25.0,
2005-06-29,BAJAJHLDNG,25.0,
2006-06-29,BAJAJHLDNG,40.0,
2007-06-28,BAJAJHLDNG,40.0,
2008-06-27,BAJAJHLDNG,20.0,
2009-07-02,BAJAJHLDNG,10.0,
2010-07-08,BAJAJHLDNG,30.0,
2011-06-29,BAJAJHLDNG,35.0,
2012-07-05,BAJAJHLDNG,25.0,
2013-07-04,BAJAJHLDNG,25.0,
2014-07-03,BAJAJHLDNG,30.0,
2015-07-09,BAJAJHLDNG,32.5,
2016-03-16,BAJAJHLDNG,25.0,
2016-07-14,BAJAJHLDNG,7.5,
2017-07-06,BAJAJHLDNG,32.5,
2018-07-05,BAJAJHLDNG,40.0,
2019-07-11,BAJAJHLDNG,32.5,
2020-03-03,BAJAJHLDNG,40.0,
2021-07-08,BAJAJHLDNG,40.0,
2021-09-28,BAJAJHLDNG,90.0,
2022-06-30,BAJAJHLDNG,25.0,
2022-09-22,BAJAJHLDNG,110.0,
2023-06-30,BAJAJHLDNG,13.0,
2023-09-28,BAJAJHLDNG,110.0,
2024-06-28,BAJAJHLDNG,21.0,
2024-09-25,BAJAJHLDNG,65.0,
2025-06-27,BAJAJHLDNG,28.0,
2025-09-22,BAJAJHLDNG,65.0,
2026-06-30,BAJAJHLDNG,130.0,
2005-04-20,NESTLEIND,0.475,0.0
2008-11-14,NESTLEIND,0.375,0.0
2010-04-23,NESTLEIND,1.075,0.0
2010-11-03,NESTLEIND,1.35,0.0
2011-04-21,NESTLEIND,1.075,0.0
2011-12-12,NESTLEIND,1.35,0.0
2012-03-21,NESTLEIND,0.625,0.0
2012-08-01,NESTLEIND,0.9,0.0
2012-12-12,NESTLEIND,0.9,0.0
2013-02-25,NESTLEIND,0.625,0.0
2013-07-31,NESTLEIND,0.9,0.0
2013-11-01,NESTLEIND,0.9,0.0
2014-05-15,NESTLEIND,1.25,0.0
2014-09-15,NESTLEIND,1.5,0.0
2014-12-08,NESTLEIND,0.4,0.0
2015-05-19,NESTLEIND,1.325,0.0
2015-12-11,NESTLEIND,0.8,0.0
2016-05-18,NESTLEIND,1.525,0.0
2016-08-05,NESTLEIND,0.6,0.0
2016-12-09,NESTLEIND,0.8,0.0
2017-05-19,NESTLEIND,1.9,0.0
2017-08-02,NESTLEIND,0.75,0.0
2017-12-11,NESTLEIND,1.65,0.0
2018-05-16,NESTLEIND,2.15,0.0
2018-08-10,NESTLEIND,1.0,0.0
2018-12-12,NESTLEIND,2.5,0.0
2019-04-30,NESTLEIND,1.25,0.0
2019-05-06,NESTLEIND,1.15,0.0
2019-08-09,NESTLEIND,10.15,0.0
2019-12-10,NESTLEIND,2.75,0.0
2020-06-11,NESTLEIND,3.05,0.0
2020-10-29,NESTLEIND,6.75,0.0
2021-04-29,NESTLEIND,4.5,0.0
2021-10-26,NESTLEIND,5.5,0.0
2022-04-21,NESTLEIND,4.5,0.0
2022-10-31,NESTLEIND,6.0,0.0
2023-04-21,NESTLEIND,5.1,0.0
2023-11-01,NESTLEIND,7.0,0.0
2024-01-05,NESTLEIND,0.0,10.0
2024-02-15,NESTLEIND,3.5,0.0
2024-07-16,NESTLEIND,5.625,0.0
2025-02-07,NESTLEIND,7.125,0.0
2025-07-04,NESTLEIND,5.0,0.0
2025-08-08,NESTLEIND,0.0,2.0
2026-02-06,NESTLEIND,7.0,0.0
2026-07-10,NESTLEIND,7.0,0.0
1999-07-20,TATACONSUM,1.086495,0.0
2000-04-11,TATACONSUM,0.9976,0.0
2001-08-17,TATACONSUM,0.888951,0.0
2002-05-28,TATACONSUM,0.691406,0.0
2003-08-14,TATACONSUM,0.691406,0.0
2004-08-17,TATACONSUM,0.839564,0.0
2005-07-21,TATACONSUM,0.987723,0.0
2006-07-21,TATACONSUM,1.185268,0.0
2007-07-23,TATACONSUM,1.481584,0.0
2008-08-01,TATACONSUM,3.45703,0.0
2009-08-13,TATACONSUM,1.728515,0.0
2010-06-30,TATACONSUM,0.0,10.0
2010-08-05,TATACONSUM,1.975446,0.0
2011-08-10,TATACONSUM,1.975446,0.0
2012-08-09,TATACONSUM,2.123604,0.0
2013-06-27,TATACONSUM,2.123604,0.0
2014-08-05,TATACONSUM,2.222377,0.0
2015-07-30,TATACONSUM,2.222377,0.0
2016-08-08,TATACONSUM,2.222377,0.0
2017-07-07,TATACONSUM,2.321149,0.0
2017-08-04,TATACONSUM,2.321149,0.0
2018-06-20,TATACONSUM,2.469307,0.0
2019-05-24,TATACONSUM,2.469307,0.0
2020-06-18,TATACONSUM,2.666852,0.0
2021-06-10,TATACONSUM,4.000278,0.0
2022-06-09,TATACONSUM,5.975724,0.0
2023-05-19,TATACONSUM,8.346259,0.0
2024-05-24,TATACONSUM,7.654853,0.0
2025-05-29,TATACONSUM,8.25,0.0
2026-05-25,TATACONSUM,10.0,0.0
2002-09-04,ADANIENT,1.454228,0.0
2003-09-04,ADANIENT,1.454228,0.0
2004-06-28,ADANIENT,1.93897,0.0
2005-08-05,ADANIENT,0.193897,0.0
2006-07-24,ADANIENT,0.218134,0.0
2007-03-22,ADANIENT,0.218134,0.0
2008-09-18,ADANIENT,0.290846,0.0
2009-08-20,ADANIENT,0.484743,0.0
2009-12-10,ADANIENT,0.0,2.0
2010-08-12,ADANIENT,0.969485,0.0
2011-08-03,ADANIENT,0.969485,0.0
2012-08-02,ADANIENT,0.969485,0.0
2013-07-30,ADANIENT,1.357279,0.0
2014-07-31,ADANIENT,1.357279,0.0
2015-07-31,ADANIENT,1.357279,0.0
2016-03-22,ADANIENT,0.387794,0.0
2017-07-31,ADANIENT,0.387794,0.0
2018-07-27,ADANIENT,0.387794,0.0
2019-07-29,ADANIENT,0.387794,0.0
2020-03-23,ADANIENT,0.969485,0.0
2021-07-01,ADANIENT,0.969485,0.0
2022-07-14,ADANIENT,0.969485,0.0
2023-07-07,ADANIENT,1.163382,0.0
2024-06-14,ADANIENT,1.260331,0.0
2025-06-13,ADANIENT,1.260331,0.0
2026-06-12,ADANIENT,1.3,0.0
2002-07-11,CHOLAFIN,1.0,0.0
2003-03-11,CHOLAFIN,1.0,0.0
2004-03-17,CHOLAFIN,1.0,0.0
2005-07-18,CHOLAFIN,1.0,0.0
2006-07-12,CHOLAFIN,1.0,0.0
2007-07-23,CHOLAFIN,0.8,0.0
2008-07-23,CHOLAFIN,0.8,0.0
2010-05-05,CHOLAFIN,0.2,0.0
2011-07-21,CHOLAFIN,0.3,0.0
2012-02-13,CHOLAFIN,0.3,0.0
2012-07-23,CHOLAFIN,0.2,0.0
2013-01-30,CHOLAFIN,0.5,0.0
2013-07-24,CHOLAFIN,0.2,0.0
2014-02-06,CHOLAFIN,0.5,0.0
2014-07-23,CHOLAFIN,0.2,0.0
2015-02-05,CHOLAFIN,0.5,0.0
2015-07-23,CHOLAFIN,0.2,0.0
2016-02-09,CHOLAFIN,0.5,0.0
2016-07-21,CHOLAFIN,0.4,0.0
2017-02-06,CHOLAFIN,0.7,0.0
2017-07-19,CHOLAFIN,0.4,0.0
2018-02-09,CHOLAFIN,0.9,0.0
2018-07-18,CHOLAFIN,0.4,0.0
2019-02-08,CHOLAFIN,0.9,0.0
2019-06-14,CHOLAFIN,0.0,5.0
2019-07-22,CHOLAFIN,0.4,0.0
2019-12-23,CHOLAFIN,1.0,0.0
2020-03-04,CHOLAFIN,0.7,0.0
2021-02-09,CHOLAFIN,1.3,0.0
2021-07-22,CHOLAFIN,0.7,0.0
2022-02-10,CHOLAFIN,1.3,0.0
2022-07-21,CHOLAFIN,0.7,0.0
2023-02-10,CHOLAFIN,1.3,0.0
2023-07-25,CHOLAFIN,0.7,0.0
2024-02-07,CHOLAFIN,1.3,0.0
2024-07-19,CHOLAFIN,0.7,0.0
2025-02-07,CHOLAFIN,1.3,0.0
2025-07-24,CHOLAFIN,0.7,0.0
2026-02-05,CHOLAFIN,1.3,0.0
2026-07-21,CHOLAFIN,0.7,0.0
2019-03-28,HAL,9.9,0.0
2020-03-23,HAL,16.625,0.0
2020-12-17,HAL,7.5,0.0
2021-03-05,HAL,7.5,0.0
2021-11-23,HAL,7.0,0.0
2022-02-17,HAL,13.0,0.0
2022-08-19,HAL,5.0,0.0
2022-11-18,HAL,10.0,0.0
2023-03-20,HAL,10.0,0.0
2023-08-24,HAL,7.5,0.0
2023-09-28,HAL,0.0,2.0
2024-02-20,HAL,22.0,0.0
2024-08-21,HAL,13.0,0.0
2025-02-18,HAL,25.0,0.0
2025-08-21,HAL,15.0,0.0
2026-02-18,HAL,35.0,0.0
2026-08-14,HAL,10.0,0.0
2002-08-28,MOTHERSON,0.130061,0.0
2003-09-09,MOTHERSON,0.097546,0.0
2004-09-09,MOTHERSON,0.026012,0.0
2005-02-24,MOTHERSON,0.0,1.5
2005-08-11,MOTHERSON,0.039018,0.0
2006-07-28,MOTHERSON,0.044871,0.0
2007-07-23,MOTHERSON,0.058528,0.0
2007-08-30,MOTHERSON,0.0,1.5
2008-08-01,MOTHERSON,0.079012,0.0
2009-09-16,MOTHERSON,0.079012,0.0
2010-08-18,MOTHERSON,0.102423,0.0
2011-08-25,MOTHERSON,0.160951,0.0
2012-08-31,MOTHERSON,0.131687,0.0
2012-09-04,MOTHERSON,0.131687,0.0
2012-10-03,MOTHERSON,0.0,1.5
2013-08-21,MOTHERSON,0.175583,0.0
2013-12-20,MOTHERSON,0.0,1.5
2014-08-19,MOTHERSON,0.329218,0.0
2015-07-23,MOTHERSON,0.395062,1.5
2016-03-22,MOTHERSON,0.493827,0.0
2017-07-05,MOTHERSON,0.0,1.5
2017-08-14,MOTHERSON,0.592593,0.0
2018-08-08,MOTHERSON,0.666667,0.0
2018-10-30,MOTHERSON,0.0,1.5
2019-08-08,MOTHERSON,0.666667,0.0
2020-03-12,MOTHERSON,0.666667,0.0
2021-09-03,MOTHERSON,0.666667,0.0
2022-08-12,MOTHERSON,0.288889,0.0
2022-10-03,MOTHERSON,0.0,1.5
2023-08-11,MOTHERSON,0.433333,0.0
2024-08-14,MOTHERSON,0.533333,0.0
2025-03-28,MOTHERSON,0.333333,0.0
2025-06-23,MOTHERSON,0.233333,0.0
2025-07-18,MOTHERSON,0.0,1.5
2026-03-27,MOTHERSON,0.35,0.0
2026-07-14,MOTHERSON,0.25,0.0
2003-03-27,ABB,1.2,0.0
2004-04-12,ABB,1.2,0.0
2005-05-11,ABB,1.4,0.0
2006-05-12,ABB,1.6,0.0
2007-05-14,ABB,2.0,0.0
2007-06-28,ABB,0.0,5.0
2008-05-26,ABB,2.2,0.0
2009-05-11,ABB,2.2,0.0
2010-05-03,ABB,2.0,0.0
2011-05-02,ABB,2.0,0.0
2012-05-02,ABB,3.0,0.0
2013-04-30,ABB,3.0,0.0
2014-04-25,ABB,3.0,0.0
2015-04-28,ABB,3.7,0.0
2016-04-13,ABB,3.7,0.0
2017-04-28,ABB,4.0,0.0
2018-04-27,ABB,4.4,0.0
2019-04-26,ABB,4.8,0.0
2020-07-16,ABB,4.8,0.0
2021-04-19,ABB,5.0,0.0
2022-04-27,ABB,5.2,0.0
2023-04-27,ABB,5.5,0.0
2023-08-25,ABB,5.5,0.0
2024-05-03,ABB,23.8,0.0
2024-08-23,ABB,10.66,0.0
2025-05-02,ABB,33.5,0.0
2025-08-08,ABB,9.77,0.0
2026-04-30,ABB,29.59,0.0
2026-08-07,ABB,90.0,0.0
2017-08-16,VBL,0.148148,0.0
2018-08-20,VBL,0.148148,0.0
2019-07-25,VBL,0.0,1.5
2019-08-26,VBL,0.222222,0.0
2020-08-14,VBL,0.222222,0.0
2021-06-10,VBL,0.0,1.5
2021-08-11,VBL,0.333333,0.0
2022-06-06,VBL,0.0,1.5
2022-08-11,VBL,0.5,0.0
2023-04-12,VBL,0.2,0.0
2023-06-15,VBL,0.0,2.0
2023-08-14,VBL,0.5,0.0
2024-04-04,VBL,0.5,0.0
2024-08-09,VBL,0.5,0.0
2024-09-12,VBL,0.0,2.5
2025-04-04,VBL,0.5,0.0
2025-05-07,VBL,0.5,0.0
2025-08-01,VBL,0.5,0.0
2026-04-08,VBL,0.5,0.0
2026-04-30,VBL,0.5,0.0
2026-07-31,VBL,0.5,0.0
2003-07-07,CANBK,0.680858,0.0
2004-01-28,CANBK,0.486327,0.0
2004-07-12,CANBK,0.486327,0.0
2005-02-11,CANBK,0.486327,0.0
2005-07-26,CANBK,0.583593,0.0
2006-06-14,CANBK,1.283904,0.0
2007-06-26,CANBK,1.361717,0.0
2008-06-10,CANBK,1.556248,0.0
2009-07-08,CANBK,1.556248,0.0
2010-06-14,CANBK,1.94531,0.0
2011-07-06,CANBK,2.139841,0.0
2012-06-14,CANBK,2.139841,0.0
2013-07-04,CANBK,2.528902,0.0
2014-01-24,CANBK,1.264451,0.0
2014-07-03,CANBK,0.875389,0.0
2015-06-25,CANBK,2.042575,0.0
2017-07-12,CANBK,0.2,0.0
2022-06-15,CANBK,1.3,0.0
2023-06-14,CANBK,2.4,0.0
2024-05-15,CANBK,0.0,5.0
2024-06-14,CANBK,3.22,0.0
2025-06-13,CANBK,4.0,0.0
2026-06-12,CANBK,4.2,0.0
2002-10-23,TVSMOTOR,0.25,0.0
2003-06-13,TVSMOTOR,0.35,0.0
2003-10-30,TVSMOTOR,0.3,0.0
2003-12-18,TVSMOTOR,0.0,10.0
2004-04-29,TVSMOTOR,0.35,0.0
2004-10-29,TVSMOTOR,0.35,0.0
2005-06-03,TVSMOTOR,0.3,0.0
2005-10-31,TVSMOTOR,0.35,0.0
2006-07-03,TVSMOTOR,0.3,0.0
2006-10-27,TVSMOTOR,0.35,0.0
2007-08-10,TVSMOTOR,0.075,0.0
2008-08-06,TVSMOTOR,0.35,0.0
2009-06-29,TVSMOTOR,0.35,0.0
2010-01-25,TVSMOTOR,0.35,0.0
2010-07-26,TVSMOTOR,0.25,0.0
2010-09-08,TVSMOTOR,0.0,2.0
2011-01-25,TVSMOTOR,0.5,0.0
2011-08-02,TVSMOTOR,0.6,0.0
2012-03-20,TVSMOTOR,0.6,0.0
2012-06-04,TVSMOTOR,0.7,0.0
2013-02-06,TVSMOTOR,0.6,0.0
2013-05-03,TVSMOTOR,0.6,0.0
2013-10-30,TVSMOTOR,0.65,0.0
2014-05-02,TVSMOTOR,0.75,0.0
2015-02-06,TVSMOTOR,0.75,0.0
2015-05-05,TVSMOTOR,1.15,0.0
2016-02-04,TVSMOTOR,1.0,0.0
2016-03-17,TVSMOTOR,1.5,0.0
2016-11-03,TVSMOTOR,1.25,0.0
2017-03-14,TVSMOTOR,1.25,0.0
2017-11-08,TVSMOTOR,2.0,0.0
2018-03-06,TVSMOTOR,1.3,0.0
2018-10-30,TVSMOTOR,2.1,0.0
2019-03-18,TVSMOTOR,1.4,0.0
2020-02-11,TVSMOTOR,2.1,0.0
2020-03-17,TVSMOTOR,1.4,0.0
2021-02-04,TVSMOTOR,2.1,0.0
2021-03-30,TVSMOTOR,1.4,0.0
2022-03-25,TVSMOTOR,3.75,0.0
2023-02-02,TVSMOTOR,5.0,0.0
2024-03-19,TVSMOTOR,8.0,0.0
2025-03-26,TVSMOTOR,10.0,0.0
2026-03-30,TVSMOTOR,12.0,0.0
2004-08-06,TRENT,0.308837,0.0
2005-04-29,TRENT,0.336913,0.0
2006-08-04,TRENT,0.364989,0.0
2007-05-08,TRENT,0.393065,0.0
2008-07-16,TRENT,0.393065,0.0
2009-07-31,TRENT,0.308837,0.0
2010-08-09,TRENT,0.433333,0.0
2011-07-18,TRENT,0.5,0.0
2012-07-23,TRENT,0.433333,0.0
2013-07-15,TRENT,0.466667,0.0
2014-08-04,TRENT,0.466667,0.0
2015-07-27,TRENT,0.666667,0.0
2016-03-17,TRENT,0.6,0.0
2016-09-12,TRENT,0.0,10.0
2017-07-19,TRENT,0.666667,0.0
2018-07-27,TRENT,0.766667,0.0
2019-07-19,TRENT,0.866667,0.0
2020-07-24,TRENT,0.666667,0.0
2021-07-09,TRENT,0.4,0.0
2022-02-22,TRENT,0.4,0.0
2022-05-20,TRENT,0.733333,0.0
2023-05-25,TRENT,1.466667,0.0
2024-05-22,TRENT,2.133333,0.0
2025-06-12,TRENT,3.333333,0.0
2026-06-04,TRENT,0.0,1.5
2026-06-12,TRENT,4.0,0.0
2002-09-12,SHRIRAMFIN,0.155896,0.0
2002-12-18,SHRIRAMFIN,0.194871,0.0
2003-08-29,SHRIRAMFIN,0.155896,0.0
2003-12-22,SHRIRAMFIN,0.194871,0.0
2004-08-30,SHRIRAMFIN,0.292306,0.0
2004-12-15,SHRIRAMFIN,0.194871,0.0
2005-08-30,SHRIRAMFIN,0.292306,0.0
2005-12-20,SHRIRAMFIN,0.194871,0.0
2006-07-13,SHRIRAMFIN,0.389741,0.0
2006-12-13,SHRIRAMFIN,0.194871,0.0
2007-08-10,SHRIRAMFIN,0.389741,0.0
2007-12-17,SHRIRAMFIN,0.194871,0.0
2008-07-24,SHRIRAMFIN,0.779482,0.0
2008-11-10,SHRIRAMFIN,0.194871,0.0
2009-07-16,SHRIRAMFIN,0.779482,0.0
2009-11-09,SHRIRAMFIN,0.389741,0.0
2010-06-03,SHRIRAMFIN,0.779482,0.0
2010-11-08,SHRIRAMFIN,0.487177,0.0
2011-06-10,SHRIRAMFIN,0.779482,0.0
2011-11-21,SHRIRAMFIN,0.487177,0.0
2012-06-21,SHRIRAMFIN,0.779482,0.0
2012-11-15,SHRIRAMFIN,0.584612,0.0
2013-06-21,SHRIRAMFIN,0.779482,0.0
2013-11-13,SHRIRAMFIN,0.584612,0.0
2014-06-25,SHRIRAMFIN,0.779482,0.0
2014-10-30,SHRIRAMFIN,0.779482,0.0
2015-07-22,SHRIRAMFIN,1.169224,0.0
2015-11-05,SHRIRAMFIN,0.779482,0.0
2016-07-18,SHRIRAMFIN,1.169224,0.0
2016-11-03,SHRIRAMFIN,0.779482,0.0
2017-06-21,SHRIRAMFIN,1.169224,0.0
2017-11-10,SHRIRAMFIN,0.974353,0.0
2018-07-18,SHRIRAMFIN,1.169224,0.0
2018-11-05,SHRIRAMFIN,0.974353,0.0
2019-06-19,SHRIRAMFIN,1.364094,0.0
2019-11-07,SHRIRAMFIN,0.974353,0.0
2020-11-09,SHRIRAMFIN,1.2,0.0
2021-04-05,SHRIRAMFIN,1.2,0.0
2021-06-16,SHRIRAMFIN,1.2,0.0
2021-11-09,SHRIRAMFIN,1.6,0.0
2022-03-11,SHRIRAMFIN,2.4,0.0
2023-01-03,SHRIRAMFIN,3.0,0.0
2023-06-16,SHRIRAMFIN,4.0,0.0
2023-11-06,SHRIRAMFIN,4.0,0.0
2024-02-06,SHRIRAMFIN,2.0,0.0
2024-07-23,SHRIRAMFIN,3.0,0.0
2024-11-07,SHRIRAMFIN,4.4,0.0
2025-01-10,SHRIRAMFIN,0.0,5.0
2025-01-31,SHRIRAMFIN,2.5,0.0
2025-07-11,SHRIRAMFIN,3.0,0.0
2025-11-07,SHRIRAMFIN,4.8,0.0
2026-07-03,SHRIRAMFIN,6.0,0.0
2025-09-22,ADANIPOWER,,5.0
2021-02-17,IRFC,1.05,
2021-11-10,IRFC,0.77,
2022-09-15,IRFC,0.63,
2022-11-17,IRFC,0.8,
2023-09-15,IRFC,0.7,
2023-11-10,IRFC,0.8,
2024-08-22,IRFC,0.7,
2024-11-12,IRFC,0.8,
2025-03-21,IRFC,0.8,
2025-10-24,IRFC,1.05,
2026-03-13,IRFC,1.05,
2025-08-11,JIOFIN,0.5,
2026-08-10,JIOFIN,0.6,
2023-05-31,LODHA,0.0,2.0
2023-09-08,LODHA,1.0,0.0
2024-08-16,LODHA,2.25,0.0
2025-08-22,LODHA,4.25,0.0
2026-08-07,LODHA,4.25,0.0
2003-08-12,INDHOTEL,0.635244,0.0
2004-07-16,INDHOTEL,0.725994,0.0
2005-07-05,INDHOTEL,0.907492,0.0
2006-07-14,INDHOTEL,1.17974,0.0
2006-10-27,INDHOTEL,0.0,10.0
2007-07-18,INDHOTEL,1.451987,0.0
2008-04-22,INDHOTEL,1.724235,0.0
2009-07-17,INDHOTEL,1.08899,0.0
2010-07-23,INDHOTEL,0.907492,0.0
2011-07-20,INDHOTEL,0.907492,0.0
2012-07-18,INDHOTEL,0.907492,0.0
2013-07-17,INDHOTEL,0.725994,0.0
2016-08-12,INDHOTEL,0.272248,0.0
2017-08-11,INDHOTEL,0.317622,0.0
2018-07-11,INDHOTEL,0.387868,0.0
2019-06-12,INDHOTEL,0.484835,0.0
2020-07-17,INDHOTEL,0.484835,0.0
2021-06-14,INDHOTEL,0.387868,0.0
2022-06-22,INDHOTEL,0.4,0.0
2023-06-09,INDHOTEL,1.0,0.0
2024-06-07,INDHOTEL,1.75,0.0
2025-06-30,INDHOTEL,2.25,0.0
2026-06-23,INDHOTEL,3.25,0.0
2025-08-05,HYUNDAI,21.0,
2026-08-05,HYUNDAI,21.0,
2003-11-20,CGPOWER,0.244898,0.0
2004-07-08,CGPOWER,0.326531,0.0
2004-12-02,CGPOWER,0.285714,0.0
2005-03-30,CGPOWER,0.285714,0.0
2005-10-20,CGPOWER,0.163265,0.0
2006-02-02,CGPOWER,0.204082,0.0
2006-04-05,CGPOWER,0.204082,0.0
2006-08-10,CGPOWER,0.0,5.0
2006-10-26,CGPOWER,0.163265,0.0
2006-12-14,CGPOWER,0.0,1.4
2007-02-01,CGPOWER,0.285714,0.0
2007-03-23,CGPOWER,0.285714,0.0
2007-11-02,CGPOWER,0.228571,0.0
2008-02-04,CGPOWER,0.457143,0.0
2008-04-03,CGPOWER,0.228571,0.0
2008-10-27,CGPOWER,0.4,0.0
2009-01-29,CGPOWER,0.457143,0.0
2009-03-30,CGPOWER,0.285714,0.0
2009-10-30,CGPOWER,0.457143,0.0
2010-02-04,CGPOWER,0.8,0.0
2010-03-08,CGPOWER,0.0,1.75
2010-10-29,CGPOWER,0.8,0.0
2011-02-03,CGPOWER,0.8,0.0
2011-03-28,CGPOWER,0.6,0.0
2011-10-24,CGPOWER,0.8,0.0
2012-02-03,CGPOWER,0.2,0.0
2012-03-29,CGPOWER,0.4,0.0
2012-07-26,CGPOWER,0.4,0.0
2012-11-07,CGPOWER,0.4,0.0
2013-07-25,CGPOWER,0.4,0.0
2013-11-13,CGPOWER,0.4,0.0
2014-02-04,CGPOWER,0.4,0.0
2014-07-30,CGPOWER,0.4,0.0
2014-10-22,CGPOWER,0.4,0.0
2015-02-06,CGPOWER,0.4,0.0
2023-03-15,CGPOWER,1.5,0.0
2024-02-05,CGPOWER,1.3,0.0
2025-03-21,CGPOWER,1.3,0.0
2026-01-30,CGPOWER,1.3,0.0
2023-09-08,MAXHEALTH,1.0,
2024-08-23,MAXHEALTH,1.5,
2025-07-04,MAXHEALTH,1.5,
2026-07-03,MAXHEALTH,2.0,
2021-02-22,MAZDOCK,2.705,0.0
2021-09-20,MAZDOCK,0.915,0.0
2022-01-06,MAZDOCK,3.55,0.0
2022-09-19,MAZDOCK,0.815,0.0
2022-11-21,MAZDOCK,4.55,0.0
2023-09-20,MAZDOCK,3.43,0.0
2023-11-20,MAZDOCK,7.67,0.0
2024-09-19,MAZDOCK,6.055,0.0
2024-10-30,MAZDOCK,11.595,0.0
2024-12-27,MAZDOCK,0.0,2.0
2025-04-16,MAZDOCK,3.0,0.0
2025-09-19,MAZDOCK,2.71,0.0
2025-11-04,MAZDOCK,6.0,0.0
2026-02-13,MAZDOCK,7.5,0.0
2026-08-20,MAZDOCK,4.62,0.0
2006-09-18,SOLARINDS,0.3,0.0
2007-09-12,SOLARINDS,0.3,0.0
2007-11-01,SOLARINDS,0.3,0.0
2008-09-10,SOLARINDS,0.3,0.0
2009-09-08,SOLARINDS,0.9,0.0
2010-02-17,SOLARINDS,0.7,0.0
2010-08-11,SOLARINDS,0.7,0.0
2010-11-11,SOLARINDS,0.8,0.0
2011-07-29,SOLARINDS,0.8,0.0
2011-11-22,SOLARINDS,1.0,0.0
2012-08-01,SOLARINDS,1.0,0.0
2012-11-15,SOLARINDS,1.0,0.0
2013-08-30,SOLARINDS,1.2,0.0
2013-11-13,SOLARINDS,1.0,0.0
2014-08-22,SOLARINDS,1.4,0.0
2014-11-19,SOLARINDS,1.6,0.0
2015-08-27,SOLARINDS,1.8,0.0
2015-11-09,SOLARINDS,1.8,0.0
2016-03-16,SOLARINDS,2.7,0.0
2016-07-13,SOLARINDS,0.0,5.0
2017-02-20,SOLARINDS,2.0,0.0
2017-08-09,SOLARINDS,3.0,0.0
2018-07-18,SOLARINDS,6.0,0.0
2019-07-18,SOLARINDS,7.0,0.0
2020-09-03,SOLARINDS,6.0,0.0
2021-08-18,SOLARINDS,6.0,0.0
2022-05-27,SOLARINDS,7.5,0.0
2023-06-09,SOLARINDS,8.0,0.0
2024-07-04,SOLARINDS,8.5,0.0
2025-07-08,SOLARINDS,10.0,0.0
2026-07-28,SOLARINDS,11.0,0.0
2026-01-30,ENRIN,4.0,
2026-07-27,TATACAP,0.57,
2026-06-12,TMCV,4.0,
